Fecha-Hora,Cantidad de Likes,Cantidad de retweets,Veces citado,Tweet,url,Candidato
2023-05-22 10:08:25+00:00,146,32,1,"HOLA BAH√çA BLANCAüëãüèª 

Los espero a las 19 hs. en la Biblioteca Rivadavia (Auditorio Luis C. Caronti). 

Entradas sin cargo ‚¨áÔ∏è
https://t.co/G7UIspyONN https://t.co/OJADEHLMlB",https://twitter.com/jlespert/status/1660633713376370690,Espert
2023-05-22 09:56:14+00:00,17,1,0,Tal cual.,https://twitter.com/jlespert/status/1660630649630326785,Espert
2023-05-21 19:07:52+00:00,142,27,4,"Palpitando Libertad üá¶üá∑ 

#ESPERT2023 #LALIBERTADESESPERT https://t.co/EBNpI6lwer",https://twitter.com/jlespert/status/1660407086344282115,Espert
2023-05-21 16:43:58+00:00,86,17,0,"BAH√çA BLANCAüëãüèª Nos vemos ma√±ana a las 19 hs. en la Biblioteca Rivadavia (Auditorio Luis C. Caronti). 

Entradas sin cargo ‚¨áÔ∏è
https://t.co/G7UIspyONN https://t.co/NNouXjrfVd",https://twitter.com/jlespert/status/1660370872740216833,Espert
2023-05-21 12:12:09+00:00,0,0,0,@edualganarazz Placer! Vamoooo 2023.,https://twitter.com/jlespert/status/1660302467031093254,Espert
2023-05-21 12:00:08+00:00,36,7,0,"Excelente art√≠culo de @constant_hevia sobre el gigante de Robert Lucas, Premio Nobel de Econom√≠a 1995 y recientemente fallecido.

""La revoluci√≥n de la macro"" https://t.co/2qWWsfOOtj",https://twitter.com/jlespert/status/1660299441184600066,Espert
2023-05-20 18:57:25+00:00,512,40,19,"Amigos, les recomiendo la panader√≠a ‚ÄúArtesano‚Äù en Mansilla 2740 (CABA). Lleno de cosas ricas! üëèüèª https://t.co/7nlzMTSlnU",https://twitter.com/jlespert/status/1660042068117405696,Espert
2023-05-20 17:35:11+00:00,147,37,1,"BAH√çA BLANCAüëãüèª Nos vemos el lunes a las 19 hs. en la Biblioteca Rivadavia (Auditorio Luis C. Caronti). 

Entradas sin cargo ‚¨áÔ∏è
https://t.co/G7UIspyONN https://t.co/eJcUQn5ZqN",https://twitter.com/jlespert/status/1660021371013853188,Espert
2023-05-20 16:02:16+00:00,278,29,16,Gracias ‚Å¶@MartinLitwak‚Å© por sumar tus conocimientos y defensa de las ideas de la libertad a #AvanzaLibertad Tenemos mucho por crecer! https://t.co/hgapzQkHJS,https://twitter.com/jlespert/status/1659997990004596736,Espert
2023-05-20 13:59:33+00:00,12,4,0,"Comparto mi participaci√≥n de hoy en #CNNPa√≠sAdolescente con @pibeacasuso por @cnnradioarg 

üéôÔ∏èNota Completa ‚§µÔ∏è
https://t.co/I5SSk715eA",https://twitter.com/jlespert/status/1659967104253059073,Espert
2023-05-20 13:06:44+00:00,11,3,0,"Comparto mi participaci√≥n de hoy en @DatosobreDato con @Pepebrea y @dsantoro59 por @fmmilenium

üéôÔ∏èNota Completa ‚§µÔ∏è
https://t.co/RwE4OguCpq",https://twitter.com/jlespert/status/1659953815188111360,Espert
2023-05-20 13:01:46+00:00,10,0,2,"Comparto mi participaci√≥n de hoy en #RivadaviaAgro con @carourd_ por @Rivadavia630

üéôÔ∏èNota Completa ‚§µÔ∏è
https://t.co/odDEPaH1qI",https://twitter.com/jlespert/status/1659952562768953346,Espert
2023-05-20 12:45:10+00:00,241,64,1,"Casi la mitad de la poblaci√≥n es pobre (25M) y casi 4M de adultos cobran planes sociales para llegar a mitad de mes. El ajuste es salvaje, ya ocurri√≥ y seguir√° ocurriendo con una inflaci√≥n del 150% anual. Dej√° de decir estupideces @Kicillofok",https://twitter.com/jlespert/status/1659948388614385665,Espert
2023-05-20 12:15:22+00:00,168,32,1,"Estudio, m√©rito y perseverancia üôåüèª

@UBAeconomicas @SomosLibresFCE https://t.co/9VO9UKIy8b",https://twitter.com/jlespert/status/1659940889265860616,Espert
2023-05-20 11:29:59+00:00,167,33,1,"Como productor agropecuario que soy, sin dudas siento que represento la voz de los productores agropecuarios. Toda la vida he defendido que no hayan retenciones a las exportaciones y apertura al comercio mundial para explotar todo el potencial del sector. https://t.co/lMu8hQzlcd",https://twitter.com/jlespert/status/1659929468419407876,Espert
2023-05-19 22:45:01+00:00,160,20,4,Un lujo @rcas1‚Å© siendo parte del equipo de #AvanzaLibertad https://t.co/UMSvdz6Iib,https://twitter.com/jlespert/status/1659736957797167105,Espert
2023-05-19 21:56:03+00:00,128,16,7,Gracias @UBAeconomicas por permitirme compartir con ustedes üôåüèª https://t.co/tRYQtmHoal,https://twitter.com/jlespert/status/1659724635213111299,Espert
2023-05-19 19:31:48+00:00,155,22,6,"En el 2019 plantamos una semilla de liberalismo que hac√≠a 30 a√±os no compet√≠a abiertamente en una presidencial. Es momento de que esa semilla, que ahora es planta, se ponga a jugar en la liga mayor para tener chances de ganar y gobernar.

@luisnovaresio @lanacionmas https://t.co/hXemkRc9n0",https://twitter.com/jlespert/status/1659688330089615360,Espert
2023-05-19 17:44:53+00:00,858,115,14,"Sos chorra. Dicho por la Justicia. Podes considerarte ""presa en potencia"" tambi√©n. Vos eleg√≠s.",https://twitter.com/jlespert/status/1659661423390126089,Espert
2023-05-19 16:26:30+00:00,138,35,5,"ES TIEMPO DE RECONSTRUIR üá¶üá∑ 

#ESPERT2023 #LALIBERTADESESPERT https://t.co/mL1nupZZU4",https://twitter.com/jlespert/status/1659641699516162049,Espert
2023-05-19 14:52:04+00:00,20,5,0,"Comparto mi participaci√≥n de hoy en #BuenD√≠aNaci√≥n con @luisnovaresio por @lanacionmas

üî¥ Nota Completa ‚§µÔ∏è
https://t.co/s9ijTahXFO",https://twitter.com/jlespert/status/1659617933578911745,Espert
2023-05-19 12:20:41+00:00,152,34,6,"BAH√çA BLANCA üëãüèª
Felices de compartir ‚ÄúLa Argentina Deseada‚Äù con ustedes üìö

Entradas sin cargo ‚¨áÔ∏è
https://t.co/G7UIspyONN https://t.co/Jyu4KmAd3J",https://twitter.com/jlespert/status/1659579836996759553,Espert
2023-05-19 10:54:19+00:00,498,105,11,"Mentira. Desde que Argentina abraz√≥ el populismo hace m√°s de 80 a√±os pasamos de ser top ten en ingreso per capita mundial a estar abajo del puesto 100, de 200 pa√≠ses que hay en el Planeta, llenos de villas, marginalidad, narcos, etc. El camino es la libertad.",https://twitter.com/jlespert/status/1659558103669407745,Espert
2023-05-19 09:30:59+00:00,965,265,12,La defensa de los derechos del trabajador est√° en la Constituci√≥n (art. 14 y 14 bis). La CGT es un grupo de facinerosos que forman parte del PJ. NADA que ver con la defensa de los laburantes. https://t.co/LWNX6Na7G5,https://twitter.com/jlespert/status/1659537131017052160,Espert
2023-05-19 08:05:42+00:00,49,10,0,"Hoy nos vemos @UBAeconomicas ü§© 

Av. C√≥rdoba 2122 (CABA) - Aula 19 üí™üèª",https://twitter.com/jlespert/status/1659515667903545351,Espert
2023-05-19 08:00:01+00:00,28,11,0,Hoy a las 12:00 hs. estar√© con @luisnovaresio en #BuenD√≠aNaci√≥n por @lanacionmas https://t.co/0ga7MYQn7H,https://twitter.com/jlespert/status/1659514239000932358,Espert
2023-05-18 23:58:47+00:00,17,3,0,"Comparto mi participaci√≥n de esta noche en #LaCruelVerdad con @trebuquero por @A24COM

üî¥ Nota Completa ‚§µÔ∏è
https://t.co/SCZdEntCC4",https://twitter.com/jlespert/status/1659393133191258112,Espert
2023-05-18 23:24:01+00:00,59,15,0,Es ma√±ana!,https://twitter.com/jlespert/status/1659384385345318912,Espert
2023-05-18 23:17:32+00:00,652,150,2,"A los dirigentes que est√°n detr√°s de esto hay que meterlos presos directamente. P√©rsico, Grabois, Belliboni, ustedes 3 son delincuentes porque est√°n violando la CN y el C√≥digo Penal. https://t.co/dX2JuRYAmo",https://twitter.com/jlespert/status/1659382752922181632,Espert
2023-05-18 17:31:38+00:00,1123,176,25,"El espacio que lidero, Avanza Libertad, quiere terminar con el trabajo en negro que afecta a la mitad de los trabajadores (8M) donde son todos pobres y sacar de la pobreza que ya afecta a los que est√°n en blanco. Para eso hay que terminar con la figura del despido sin justa causa, que la indemnizaci√≥n por despido deje de estar en cabeza de los empresarios para que se pague con el super√°vit del sistema de asignaciones familiares, que la negociaci√≥n colectiva sea por empresa, que exista democracia sindical terminando con el unicato sindical, que los aportes de los trabajadores a los sindicatos no solo sea -realmente- voluntario sino que tambi√©n los empresarios dejen de ser solidariamente responsables de ellos, que los secretarios generales de los gremios duren en sus cargos lo mismo que el Presidente de la Naci√≥n en vez de toda la vida como hoy, que los sindicalistas tengan prohibido realizar otra tarea que no sea defender los derechos de los trabajadores, que se terminen descuentos absurdos sobre los salarios de los trabajadores como el ""seguro de sepelio"", etc.

Lamento que la CGT rechace estas propuestas que son por el bien de una clase trabajadora hambreada por leyes laborales que la CGT no quiere cambiar.

Lamento m√°s todav√≠a que la CGT anticipe que no dialogar√° conmigo justo en el a√±o en el cual Argentina festeja 40 a√±os de la vuelta de la democracia, s√≠mbolo del di√°logo. En cualquier caso, si en las elecciones venideras soy elegido Presidente de la Naci√≥n, la reforma laboral de m√°s arriba ser√° discutida donde corresponde, el Congreso de la Naci√≥n. Si la CGT quiere participar del di√°logo, bienvenida y sino, tambi√©n. Hay que terminar con los privilegios de los mal llamados sindicalistas para darles m√°s derechos a los trabajadores.",https://twitter.com/jlespert/status/1659295702529241114,Espert
2023-05-18 14:09:00+00:00,61,13,1,Hoy a las 22:00 hs. estar√© con @trebuquero en #LaCruelVerdad en @A24COM https://t.co/Qj1ifcWIS2,https://twitter.com/jlespert/status/1659244708210540567,Espert
2023-05-18 14:05:23+00:00,140,20,4,FELIZ D√çA DE LA ESCARAPELA üá¶üá∑ https://t.co/ZL9tmePo30,https://twitter.com/jlespert/status/1659243798294036482,Espert
2023-05-18 13:59:33+00:00,1358,258,44,"Camiones hidrantes, c√°rcel o bala.

La Constituci√≥n, el C√≥digo Penal y las leyes antes que nada. Sino, es √©sto que promueve la lacra del kirchnerismo: miseria, culto a la miseria y esclavitud planera. O sea, la ley de la selva #KirchnerismoNuncaMas",https://twitter.com/jlespert/status/1659242329067143168,Espert
2023-05-18 06:16:23+00:00,19,4,0,Hay reflexiones m√≠as ac√°.,https://twitter.com/jlespert/status/1659125772563488769,Espert
2023-05-17 21:45:41+00:00,115,22,0,"#D√≠aDeLaArmadaArgentina 

Con profesionalismo, valent√≠a y esp√≠ritu de sacrificio, custodia nuestros mares y r√≠os, siendo internacionalmente reconocida. Acompa√±o hoy a todos sus integrantes, con un especial recuerdo a quienes dejaron su vida en el cumplimiento del deber.",https://twitter.com/jlespert/status/1658997247835512832,Espert
2023-05-17 17:34:44+00:00,106,37,2,"En espa√±ol: emitir dinero (por encima de la demanda) SOLO genera inflaci√≥n.

Por eso nuestra moneda, desde que naci√≥ hace 142 a√±os en 1881, ha tenido 3.000.000.000.000.000.000 (3 trillones) % de inflaci√≥n.",https://twitter.com/jlespert/status/1658934096830013441,Espert
2023-05-17 16:59:37+00:00,327,62,3,"No ser capitalista, no es un tema ideol√≥gico, es un tema de falta total de sentido com√∫n. Te funciona mal el bocho. Capitalismo es el EL r√©gimen que aplica el mundo para funcionar. Es como negar que lo que nos da calor es el sol.",https://twitter.com/jlespert/status/1658925256046780416,Espert
2023-05-17 10:57:43+00:00,130,33,3,"Ser√° una gran alegr√≠a verlos el viernes 19/05 a las 19 hs. en @UBAeconomicas presentando el Ciclo de Charlas: ‚Äú¬øC√≥mo lograr el desarrollo del pa√≠s que nos merecemos?‚Äù üôåüèª

Entrada libre - Aula a precisar el d√≠a del evento. https://t.co/dsvpSMkXq7",https://twitter.com/jlespert/status/1658834184079589378,Espert
2023-05-16 20:45:59+00:00,189,35,2,"El populismo de Cristina Kirchner nos ha hecho creer que somos un pa√≠s de inv√°lidos, lo cual es totalmente falso. https://t.co/EVSfuKbvFB",https://twitter.com/jlespert/status/1658619836061167621,Espert
2023-05-16 19:19:54+00:00,97,6,1,AHORA üì∫ por @CronicaTV https://t.co/FgjlT30rFF,https://twitter.com/jlespert/status/1658598172078252032,Espert
2023-05-16 18:43:31+00:00,3272,318,219,¬°Que l√°stima! Hubiera sido genial asistir a tu entierro pol√≠tico.,https://twitter.com/jlespert/status/1658589017682726917,Espert
2023-05-16 16:32:17+00:00,23,8,1,Hoy a las 21:00 hs. estar√© con @gsued y @nbg__ en #IPNoticiasEdici√≥nCentral por @_IPNoticias https://t.co/44Zzon1el2,https://twitter.com/jlespert/status/1658555989497466880,Espert
2023-05-16 14:37:55+00:00,195,31,5,Leeme @EBelliboni. Tenemos un problema de narcotrafico may√∫sculo en el pa√≠s como para que insistas (2da instancia) en usar a la Justicia para censurar lo que pienso de vos: que sos un delincuente. Encima perdiste de nuevo. https://t.co/nOILE85IO7,https://twitter.com/jlespert/status/1658527209257041941,Espert
2023-05-16 12:15:53+00:00,56,15,2,Programa de transformaciones de #AvanzaLibertad https://t.co/dkw2RAuK1D,https://twitter.com/jlespert/status/1658491464567992320,Espert
2023-05-16 09:25:33+00:00,160,34,1,"El Presidente se tiene que internar si cree que la inflaci√≥n es psicol√≥gica.

@HernanFunes @SBerensztein @lfechegaray #RadioInforme3 @Cadena3_Rosario

üéôÔ∏èNota Completa ‚§µÔ∏è
https://t.co/FUKxLFB4Ij https://t.co/Mx6jLeUlgw",https://twitter.com/jlespert/status/1658448601306087428,Espert
2023-05-15 22:46:34+00:00,91,17,0,"Comparto mi participaci√≥n de esta noche en #UnaVueltaM√°s con @diegosehinkman por @todonoticias

üî¥ Nota Completa ‚§µÔ∏è
https://t.co/jpHrUio92R https://t.co/aCzFygW75T",https://twitter.com/jlespert/status/1658287796736360448,Espert
2023-05-15 21:14:08+00:00,2069,178,91,"Saliendo de #SoloUnaVueltaM√°s en TN me encontr√© con la gran @patobullrich. En breve, hacemos otro caf√© para seguir conversando sobre c√≥mo hacer ‚ÄúLa Argentina Deseada‚Äù https://t.co/7OFYvUBtOX",https://twitter.com/jlespert/status/1658264535084482561,Espert
2023-05-15 20:27:46+00:00,235,68,6,"En 142 a√±os desde 1881 que tuvimos nuestra primera moneda nacional, la inflaci√≥n fue de 3.000.000.000.000.000.000% (3 trillones %) mientras que en EEUU fue de 3.300%. No destruimos solo una moneda. Destruimos un pa√≠s entero.
@Grafico de @SalvadorVitell1 https://t.co/au2nZxzJm6",https://twitter.com/jlespert/status/1658252863057821696,Espert
2023-05-15 18:00:05+00:00,150,25,16,"En compa√±√≠a de @luisrosalesARG y @LuisGreenOK con @florenciarietto. 

Coincidimos que dentro de la ley, todo. Fuera de la ley, es c√°rcel o bala. https://t.co/Bt5CZelN37",https://twitter.com/jlespert/status/1658215699737616387,Espert
2023-05-15 15:15:39+00:00,0,0,0,@HerrouAragon Que capo vos Alberto! Felicitaciones. Gran p√©rdida.,https://twitter.com/jlespert/status/1658174319443292160,Espert
2023-05-15 13:31:13+00:00,64,6,0,"Gran pesar. Un genio de UChicago, Nobel de Econom√≠a. Estudi√© y aprend√≠ un mont√≥n de sus trabajos.",https://twitter.com/jlespert/status/1658148034973147136,Espert
2023-05-15 11:14:10+00:00,235,58,5,"Un verdadero genocidio econ√≥mico y social. Pero hay una esperanza. Para recuperar nuestra ""Argentina Deseada"", √©ste es el programa de gobierno de #AvanzaLibertad https://t.co/dkw2RAuK1D",https://twitter.com/jlespert/status/1658113546822066176,Espert
2023-05-15 09:12:34+00:00,172,29,6,"üá¶üá∑ LA ARGENTINA DESEADA üá¶üá∑ 

Gracias a todos los que se acercaron a la Feria del Libro a compartir este lanzamiento tan especial. https://t.co/vg7nOnE4Re",https://twitter.com/jlespert/status/1658082944404135936,Espert
2023-05-15 09:00:02+00:00,31,7,0,Hoy a las 20:30 hs. estar√© con @diegosehinkman en #SoloUnaVueltaMas por @todonoticias https://t.co/FDuLQ7OpXS,https://twitter.com/jlespert/status/1658079789083705344,Espert
2023-05-14 22:48:45+00:00,21,7,1,"Comparto mi participaci√≥n de esta tarde en #EspecialDomingo con @hugomakiavelico por @lanacionmas

üî¥ Nota Completa ‚§µÔ∏è
https://t.co/XbZk4F0xbd",https://twitter.com/jlespert/status/1657925956592361473,Espert
2023-05-14 22:05:14+00:00,160,13,2,Qu√© placer que me hayas acompa√±ado @luisnovaresio. Gran profesional y amigo. https://t.co/O8ksyQW8HA,https://twitter.com/jlespert/status/1657915003305877504,Espert
2023-05-22 12:34:51+00:00,3261,745,19,"Nos han agredido de modo directo y/o indirecto.
Dieron lugar e impulsaron mentiras rid√≠culas.
Avalaron y festejaron palabras que constituyen delitos y que por mucho menos a nosotros nos aniquilar√≠an.
Siempre contestamos con propuestas.
Ante la derrota ahora piden censura.
VLLC!",https://twitter.com/JMilei/status/1660670565642911748,Milei
2023-05-22 09:55:01+00:00,1490,144,0,"Conforme lo vayan estudiando mejor y no llevarse por t√≠tulo de econochantas y/o periodistas partidarios van a poder entender mejor la cuenta... pero como no aceptar√°n su ERROR van a decir que la propuesta est√° cambiando todo el tiempo...
Avis√≥ que tambi√©n hay varios m√©todos!",https://twitter.com/JMilei/status/1660630342758285313,Milei
2023-05-22 09:45:05+00:00,1456,165,1,"Alg√∫n d√≠a entender√°n que la cuenta es al d√≥lar de mercado y que la ingenier√≠a financiera implica el rescate total de la base monetaria, soluci√≥n a las LELIQs, c√≥mputo de reservas internacionales netas en un m√©todo de liquidaci√≥n del BCRA, la deuda p√∫blica en BCRA y su ""precio"".",https://twitter.com/JMilei/status/1660627845201244160,Milei
2023-05-22 09:38:00+00:00,1574,147,1,"Dato de color...
Acorde la cuenta berreta que hacen √©stos t√©cnicos precarios, con lo que ha hecho Massa en t√©rminos de base monetaria, LELIQs y reservas, los n√∫meros del d√≥lar les deber√≠a dar crecientes y no cayendo...",https://twitter.com/JMilei/status/1660626061187510273,Milei
2023-05-22 09:34:14+00:00,6204,924,27,"DOLARIZACI√ìN
1. Es una locura imposible
2. Propone un Plan BONEX
3. Se necesitan USD 70.000M
4. Hacen falta USD 50.000M
5. El d√≥lar estar√° en $ 10.000, $5.000, $ 3.000, $ 1.500...
6. Antes dec√≠a que la har√≠a en 1 d√≠a.
7. Me acusan de cambiar para justificar sus errores t√©cnicos.",https://twitter.com/JMilei/status/1660625110988906496,Milei
2023-05-22 08:59:40+00:00,832,161,4,VIVA LA LIBERTAD CARAJO https://t.co/jZKXQGOmMe,https://twitter.com/JMilei/status/1660616415571853312,Milei
2023-05-21 22:28:02+00:00,1161,299,2,Nada de lo que toca el siniestro queda o est√° limpio... todo lo vuelve turbio...,https://twitter.com/JMilei/status/1660457456160391168,Milei
2023-05-20 22:47:01+00:00,2888,321,1,ENTENDI√ì TODO...,https://twitter.com/JMilei/status/1660099849092493312,Milei
2023-05-20 22:30:45+00:00,63,4,0,"@Romomeister YES, fue creado por 40 a√±os.",https://twitter.com/JMilei/status/1660095755091099651,Milei
2023-05-20 22:01:26+00:00,254,61,1,https://t.co/DDwu7MSlNj,https://twitter.com/JMilei/status/1660088374194065408,Milei
2023-05-20 21:54:54+00:00,1900,472,11,"M√°s all√° de que no creo que exista una pol√≠tica monetaria √≥ptima y que la idea del Banco Central independiente tiene un pecado de origen, creer en ello es como darle un arma cargada a un asesino serial y esperar que no te har√° da√±o porque te jura que esta vez ser√° diferente... https://t.co/hk8UjUC5jv",https://twitter.com/JMilei/status/1660086730949812226,Milei
2023-05-20 15:09:16+00:00,1258,187,3,"A su vez, computar el salario en d√≥lares al d√≥lar oficial es como hacer trampa al solitario. Una mentira que se termina cuando sal√≠s del pa√≠s.
A su vez, si los c√≥mputos delirantes tuvieran sentido ¬øpor qu√© no se ve en el precio de mercado?
Noto muchos que no sabe que es mercado.",https://twitter.com/JMilei/status/1659984651547549697,Milei
2023-05-20 15:04:32+00:00,4469,745,14,"Me ""sorprende"" el ej√©rcito de incompetentes que hablan del d√≥lar al que dolarizar√≠amos y con cuentas de equilibrio parcial computan salarios en d√≥lares, pobres e indigentes.
Les cuento que la cuenta siempre se hace al d√≥lar de mercado y de ah√≠ se dise√±a la ingenier√≠a financiera.",https://twitter.com/JMilei/status/1659983460910415875,Milei
2023-05-20 14:08:22+00:00,499,73,0,"Obvio, si uno mirara la serie como un ignorante en econom√≠a, entre puntas observar√≠a m√°s inflaci√≥n. Sin embargo, a√∫n para un economista mediocre, no se le deber√≠a pasar por alto estos dos efectos.
Por ende, la inflaci√≥n psicol√≥gica es una excusa de los adictos a la inflaci√≥n.",https://twitter.com/JMilei/status/1659969325061623809,Milei
2023-05-20 14:02:07+00:00,493,75,0,"Si uno tomara el ln del nivel de precios en el tiempo, la inflaci√≥n ser√≠a la pendiente. Si ahora aumenta el ritmo de crecimiento del dinero, no s√≥lo la pendiente ser√° m√°s empinada, sino que una tasa de inter√©s nominal mayor har√° caer la demanda lo cual implica un salto en P.",https://twitter.com/JMilei/status/1659967753732739072,Milei
2023-05-20 13:55:36+00:00,451,64,0,"Por ende, si bien la inflaci√≥n es siempre y en todo lugar un fen√≥meno monetario, generado por un exceso de oferta, ya sea por crecimiento de la oferta y/o ca√≠da de la demanda, que deriva en una ca√≠da del PAD, los argumentos psicol√≥gicos son de una vez para siempre no continuos.",https://twitter.com/JMilei/status/1659966113340325888,Milei
2023-05-20 13:51:32+00:00,603,92,0,"Segundo, y m√°s grave, parece que algunos economistas no entienden sobre el precio relativo del dinero. Esto es, dado todo lo dem√°s, una ca√≠da en la demanda dinero implicar√≠a un salto en el nivel de precios asociado al menor poder adquisitivo del mismo, lo cual no es inflaci√≥n.",https://twitter.com/JMilei/status/1659965087279349762,Milei
2023-05-20 13:46:29+00:00,2533,470,6,"INFLACI√ìN PSICOL√ìGICA
Aquellos que torpemente han tomado este punto, en general se basan en una ca√≠da de la demanda de dinero por expectativas de inflaci√≥n.
Primero, esas expectativas no nacen de un repollo, surgen a partir de lo que se espera que ocurra con la oferta monetaria.",https://twitter.com/JMilei/status/1659963818733191170,Milei
2023-05-20 13:22:11+00:00,1499,250,5,FEN√ìMENO BARRIAL https://t.co/sQAYqDglNZ,https://twitter.com/JMilei/status/1659957703056273409,Milei
2023-05-18 21:10:38+00:00,916,38,0,@eldipyok VOS SOS CRACK...!!!,https://twitter.com/JMilei/status/1659350817894178816,Milei
2023-05-18 21:07:26+00:00,4665,870,26,EDUCACI√ìN P√öBLICA,https://twitter.com/JMilei/status/1659350009748373504,Milei
2023-05-18 16:52:33+00:00,810,172,3,Patricia Bullrich y Javier Milei le respondieron a la CGT: ‚ÄúSaben que se les acaban sus privilegios‚Äù - Infobae https://t.co/A9bREuKz8h,https://twitter.com/JMilei/status/1659285866764746752,Milei
2023-05-18 16:52:10+00:00,3321,729,25,"Javier Milei reaccion√≥ al comunicado de la CGT: ""Con nosotros la joda de los sindicalistas ladrones se termina"" https://t.co/sUxmNaVGK7 v√≠a @A24COM",https://twitter.com/JMilei/status/1659285771059097615,Milei
2023-05-18 15:17:37+00:00,5478,1146,34,"As√≠ funciona la maquina del apriete y la extorsion en Argentina, pero sepan algo. A diferencia de las palomas tibias de Cambiemos nosotros no les tenemos miedo. Con nosotros la joda de los sindicalistas ladrones se termina.",https://twitter.com/JMilei/status/1659261978253172744,Milei
2023-05-18 15:03:09+00:00,1205,65,2,@giovannilarosa0 UN TIPO BRILLANTE,https://twitter.com/JMilei/status/1659258335927967744,Milei
2023-05-18 10:58:35+00:00,4087,849,28,"Un programa econ√≥mico que parte de la necesidad de poner en orden un sistema explosivo conlleva a que haya ganadores y perdedores.
En el nuestro gana la gente honesta y pierden los par√°sitos rojos y los pol√≠ticos chorros. ¬øSer√° por esto que hay tanto radichta pidiendo ""debate""?",https://twitter.com/JMilei/status/1659196788048539650,Milei
2023-05-17 23:37:36+00:00,1657,233,21,Javier Milei habl√≥ de la posible candidatura de El Dipy: ‚ÄúSer√≠a un gran intendente para La Matanza‚Äù https://t.co/zPiEB6UzHc,https://twitter.com/JMilei/status/1659025414507962376,Milei
2023-05-17 12:09:00+00:00,2142,371,19,TOUR DE LA LIBERTAD https://t.co/QeixqPzVaw,https://twitter.com/JMilei/status/1658852120056025090,Milei
2023-05-16 18:57:13+00:00,303,79,1,La DAIA repudi√≥ a Horacio Pietragalla por apoyar una muestra que criminaliza el Estado de Israel - Infobae https://t.co/QDml9YwuhF,https://twitter.com/JMilei/status/1658592463764836355,Milei
2023-05-16 17:04:04+00:00,698,122,3,"En definitiva, el se√±oreaje es un robo de los pol√≠ticos contra las personas honestas.
Por ende, desde lo moral robar est√° mal, lo haga un pol√≠tico o cualquier persona. Y defender el robo de los pol√≠ticos, dado el monopolio de la violencia estatal, es aberrante para un liberal.",https://twitter.com/JMilei/status/1658563991940071425,Milei
2023-05-16 16:57:56+00:00,637,94,2,"Por ende, m√°s all√° del impacto sobre la tasa de inflaci√≥n, la verdadera estafa es el se√±oreaje, el cual existe por la emisi√≥n de dinero a√∫n cuando la misma estuviera en l√≠nea con una mayor demanda de dinero en una econom√≠a en crecimiento.
Por ende el se√±oreaje es una estafa.",https://twitter.com/JMilei/status/1658562445839945742,Milei
2023-05-16 16:54:00+00:00,491,71,5,"Creer que porque no hay impuesto inflacionario no hay da√±o es un error grosero.
Con crecimiento habr√° una mayor demanda de  dinero, en caso de estar dada la cantidad de dinero (no hay se√±oreaje) lo que suceder√° es que los precios bajar√°n y todos los ciudadanos ser√°n m√°s ricos.",https://twitter.com/JMilei/status/1658561456122613789,Milei
2023-05-16 16:50:42+00:00,514,70,0,"La mediocridad se pone en evidencia cuando hay crecimiento ya que ello aumenta la demanda de dinero. Ah√≠ se√±oreaje e impuesto inflacionario quedan desasociados y si la emisi√≥n se al√≠nea con la demanda de dinero no hay inflaci√≥n. As√≠ no hay impuesto inflacionario y ""no hay"" da√±o.",https://twitter.com/JMilei/status/1658560625268740118,Milei
2023-05-16 16:44:24+00:00,614,82,0,"En una econom√≠a sin crecimiento, dado todo lo dem√°s, la demanda de dinero estar√≠a dada y con ello el se√±oreaje (aumento de emisi√≥n para financiar al fisco) no tendr√≠a correlato en demanda por lo que todo pegar√≠a en la tasa de inflaci√≥n.
En este caso los da√±os ir√≠an de la mano.",https://twitter.com/JMilei/status/1658559040866140162,Milei
2023-05-16 16:39:21+00:00,3234,549,15,"Entre tantas pruebas de lo mediocre que son algunos economistas est√° la vinculada con el se√±oreaje y el impuesto inflacionario.
As√≠, el se√±oreaje es la emisi√≥n de dinero para financiar al fisco mientras el impuesto inflacionario es el impacto que tiene sobre el dinero demandado.",https://twitter.com/JMilei/status/1658557770365386752,Milei
2023-05-16 16:29:11+00:00,98,4,1,@SantilanJuli1 FELICITACIONES,https://twitter.com/JMilei/status/1658555212322185216,Milei
2023-05-16 09:25:49+00:00,956,203,1,"Ante 150 empresarios, Javier Milei explic√≥ su modelo econ√≥mico y ‚Äúel plan para manejar la calle‚Äù - Infobae https://t.co/wQgkg6SIB6",https://twitter.com/JMilei/status/1658448668523995138,Milei
2023-05-16 08:33:30+00:00,1435,289,7,El ‚Äúhalc√≥n dolarizador‚Äù de EEUU apoya a Javier Milei: ‚ÄúLleg√≥ el momento de desmantelar el Banco Central y el peso‚Äù - Infobae https://t.co/pam0hpSTbi,https://twitter.com/JMilei/status/1658435502293372929,Milei
2023-05-15 23:01:33+00:00,516,9,0,@aetchebarne Muchas gracias Agust√≠n...!!!,https://twitter.com/JMilei/status/1658291564236423169,Milei
2023-05-15 22:11:51+00:00,4897,624,28,Milei confirm√≥ a Villarruel como compa√±era de f√≥rmula: Somos como David contra Goliat https://t.co/FP1XmIiiM5,https://twitter.com/JMilei/status/1658279056838733827,Milei
2023-05-15 22:11:24+00:00,1210,166,5,"Javier Milei confirm√≥ qui√©n ser√° su compa√±era de f√≥rmula y asegur√≥ que es ""brillante"" - MDZ Online https://t.co/0QTeNHS9da",https://twitter.com/JMilei/status/1658278945022722048,Milei
2023-05-15 22:10:20+00:00,797,156,4,Javier Milei confirm√≥ que Victoria Villarruel ser√° su compa√±era de f√≥rmula: ‚ÄúTrabajamos muy bien‚Äù - Infobae https://t.co/8uyItZDejQ,https://twitter.com/JMilei/status/1658278676499161089,Milei
2023-05-15 22:09:44+00:00,660,125,4,Milei confirm√≥ a Victoria Villarruel como compa√±era de f√≥rmula y ella irrumpi√≥ contra Alberto Fern√°ndez https://t.co/JudcGC7pkp,https://twitter.com/JMilei/status/1658278527425282048,Milei
2023-05-15 22:09:16+00:00,2296,489,4,Javier Milei le contest√≥ a Alberto Fern√°ndez: Nosotros queremos hombres libres; ustedes quieren esclavos -  https://t.co/vDVFnv6pJn,https://twitter.com/JMilei/status/1658278408353185793,Milei
2023-05-15 20:46:41+00:00,3261,521,14,LA CASTA TIENE MIEDO,https://twitter.com/JMilei/status/1658257626650537995,Milei
2023-05-15 19:34:25+00:00,1277,275,2,"Javier Milei cruz√≥ con todo a Alberto Fern√°ndez y lo acus√≥ de ""multiplicar la pobreza"" - MDZ Online https://t.co/ufNYyv9bot",https://twitter.com/JMilei/status/1658239437053075456,Milei
2023-05-15 19:33:58+00:00,813,211,8,Javier Milei le respondi√≥ a Alberto Fern√°ndez: ‚ÄúNosotros queremos hombres libres; ustedes quieren esclavos‚Äù - Infobae https://t.co/eUpL2ZHVUL,https://twitter.com/JMilei/status/1658239324758896640,Milei
2023-05-15 18:00:43+00:00,11335,2347,80,".@alferdez no se confunda, no soy amigo de los ricos, lo soy de la generaci√≥n de riqueza que saca a los pa√≠ses de la pobreza, no como ustedes que son tan amigos de los pobres que s√≥lo logran multiplicarlos.
Nosotros queremos hombres libres mientras ustedes quieren esclavos.
VLLC",https://twitter.com/JMilei/status/1658215859456712720,Milei
2023-05-15 11:57:10+00:00,1234,266,9,"TOUR DE LA LIBERTAD 
Hoy a partir de las 19:30 hs estar√© en LN+ con @edufeiok y @JonatanViale hablando de EL FIN DE LA INFLACI√ìN.
VIVA LA LIBERTAD CARAJO 

CC: @VickyVillarruel https://t.co/HOH0tY2gWQ",https://twitter.com/JMilei/status/1658124367484669955,Milei
2023-05-15 08:45:54+00:00,521,94,1,"FERIA DEL LIBRO: EL FIN DE LA INFLACI√ìN 
LA LIBERTAD AVANZA 
VIVA LA LIBERTAD CARAJO
https://t.co/5mIoVkLkRH",https://twitter.com/JMilei/status/1658076233979052034,Milei
2023-05-14 23:40:00+00:00,419,95,1,Milei en la Feria: ‚ÄúNo es posible cambiar con los delincuentes del Frente de Chodos ni con los de Juntos por el Cargo‚Äù - Infobae https://t.co/zmlblEbJSo,https://twitter.com/JMilei/status/1657938854240821249,Milei
2023-05-14 23:39:15+00:00,270,55,0,"Javier Milei presenta ""El fin de la inflaci√≥n"" en la Feria del Libro de Buenos Aires - Infobae https://t.co/OMMWAR6Auv",https://twitter.com/JMilei/status/1657938665136349184,Milei
2023-05-14 23:38:27+00:00,2217,524,8,"El impactante c√°lculo de Javier Milei: la incre√≠ble cifra que ""los pol√≠ticos nos roban todos los a√±os"" - El Economista https://t.co/9e1DbdEWpe",https://twitter.com/JMilei/status/1657938463201566721,Milei
2023-05-14 21:20:26+00:00,1224,117,14,"@ezequielmauro @jlespert .@ezequielmauro la referencia es al autor de una nota que cuestiona la dolarizaci√≥n porque se pierde el se√±oreaje... no es JLE quien escribi√≥ esa nota aberrante...

CC: @jlespert",https://twitter.com/JMilei/status/1657903733014151168,Milei
2023-05-14 21:15:39+00:00,493,19,1,@MarcoAn07088867 @LANACION @clarincom @jlespert Eso no significa que esa reflexi√≥n haya sido para JLE.,https://twitter.com/JMilei/status/1657902527587794944,Milei
2023-05-14 21:01:13+00:00,2813,551,59,Estimados periodistas del medio m√°s larretista del Pa√≠s  @LANACION y al diario @clarincom les cuento que la referencia en cuesti√≥n no era dirigida a @jlespert . Sugiero que tomen nota de la cita del art√≠culo correspondiente en el que un traidor defiende el se√±oreaje del BCRA. https://t.co/B4yrCXCdQE,https://twitter.com/JMilei/status/1657898895270113284,Milei
2023-05-22 15:11:33+00:00,4576,1439,76,"Presidente Fern√°ndez, si hoy fuese el √∫ltimo d√≠a de su gobierno, el resultado de su gesti√≥n ser√≠a: la tercera inflaci√≥n m√°s alta del mundo; 6 de cada 10 chicos viviendo en la pobreza; jubilados que perdieron m√°s del 30 % de sus ingresos reales y reservas negativas. 

No se ocupe de m√≠. Ded√≠quese a gobernar el tiempo que le queda en vez de atacar.",https://twitter.com/PatoBullrich/status/1660710000539344909,Bullrich
2023-05-22 11:16:57+00:00,967,375,16,"""Vamos a salir con decisiones que no podemos dar marcha atr√°s, de las que no nos podemos arrepentir. No tenemos miedo: vamos a animarnos"".

Comparto la entrevista completa con Jorge @Fontevecchia para #PeriodismoPuro, en @CanalNetAr. üëá
https://t.co/v44LnMtAv3",https://twitter.com/PatoBullrich/status/1660650961747034114,Bullrich
2023-05-21 19:30:30+00:00,1522,515,17,"Gracias por tu acompa√±amiento @JUReynoso, intendente de Rivadavia, provincia de Buenos Aires. #LaFuerzadelCambio https://t.co/imSQm1QrMH",https://twitter.com/PatoBullrich/status/1660412779965083650,Bullrich
2023-05-21 18:05:11+00:00,2021,603,32,.@MarianoUset es intendente de Coronel Rosales y se suma a nuestro equipo. ¬°Bienvenido a La Fuerza del Cambio! https://t.co/J0RO3ndXlC,https://twitter.com/PatoBullrich/status/1660391311285862402,Bullrich
2023-05-21 12:23:07+00:00,3574,1103,65,"""Estamos en un momento que los argentinos sentimos como una crisis terminal, y en una crisis terminal se elige a quien puede poner coraje y car√°cter para salir"". 

Comparto con ustedes la entrevista que Jorge @Fontevecchia me hizo para @perfilcom. üëá
https://t.co/Gk6sVNMOY0",https://twitter.com/PatoBullrich/status/1660305226044260355,Bullrich
2023-05-21 10:35:26+00:00,2469,784,48,"Debemos dar la batalla cultural contra el populismo que hipoteca nuestro futuro, en todos los frentes. El pr√≥ximo domingo #28M es fundamental que los ciudadanos espa√±oles que viven en Argentina voten por @IdiazAyuso.",https://twitter.com/PatoBullrich/status/1660278126499315713,Bullrich
2023-05-19 19:01:05+00:00,1480,494,25,"Junto con @afohrig y @dante_sica, de nuestro Equipo de Gobierno, participamos de un encuentro con los directivos de la C√°mara Argentina de la Construcci√≥n (@CamarcoArg).  

Estamos trabajando en el dise√±o de nuevos sistemas de inversi√≥n en el desarrollo de la obra p√∫blica. Queremos aumentar la participaci√≥n del sector privado con procedimientos transparentes y √°giles, promoviendo la competencia.

Ese es el camino para salir del desorden en el que nos metieron intereses mezquinos, mafias y sindicatos que se apoderaron del Estado.",https://twitter.com/PatoBullrich/status/1659680602054860800,Bullrich
2023-05-19 10:02:59+00:00,3874,1474,88,"‚ÄúBasta del sindicalismo chorro. Todo sindicalista que no pueda justificar de d√≥nde sac√≥ la plata va a tener consecuencias‚Äù.

Mi participaci√≥n completa en #M√°sRealidad (@lanacionmas) con @JonatanViale pod√©s verla en:
https://t.co/BIKoc32o3I https://t.co/rkp7zDmF5v",https://twitter.com/PatoBullrich/status/1659545184084930561,Bullrich
2023-05-18 18:43:09+00:00,6066,1706,492,"N√©stor Grindetti ser√° mi precandidato a gobernador de la provincia de Buenos Aires.

Como intendente de Lan√∫s, N√©stor vio de cerca la destrucci√≥n y la pobreza que generaron dos d√©cadas de populismo y corrupci√≥n kirchnerista en el conurbano. Con decisi√≥n y gesti√≥n, luch√≥ contra el narcotr√°fico, puso orden y mejor√≥ la vida de muchos bonaerenses. No tengo dudas de que ser√° un gran gobernador que cambiar√° la provincia.

Agradezco el apoyo y el compromiso de Joaqu√≠n de la Torre, Javier Iguacel y Cristian Ritondo de trabajar en unidad y con determinaci√≥n para derrotar al kirchnerismo en la provincia de Buenos Aires. Estoy convencida de que para cambiar hay que conocer de cerca los problemas, vivirlos y saber solucionarlos. 

Necesitamos un equipo de bonaerenses para resolver los problemas de los bonaerenses. 

La fuerza del cambio llegar√° a la provincia.",https://twitter.com/PatoBullrich/status/1659313702162628610,Bullrich
2023-05-18 14:54:15+00:00,6195,2163,184,Atacan porque saben que conmigo se les acaban sus privilegios. Es lo √∫nico que realmente defienden hace d√©cadas. https://t.co/Gin9166hL2,https://twitter.com/PatoBullrich/status/1659256094542135296,Bullrich
2023-05-18 11:49:52+00:00,8187,1821,382,"Conmigo, esto se acaba. https://t.co/MAMN6KGlzI",https://twitter.com/PatoBullrich/status/1659209693280239620,Bullrich
2023-05-18 10:27:42+00:00,1646,540,18,"Basta de aprietes y violencia sindical. Conmigo, esto se acaba.",https://twitter.com/PatoBullrich/status/1659189018850910208,Bullrich
2023-05-18 10:10:29+00:00,783,206,10,"Junto a nuestra diputada nacional @AnaClaraRomer, visitamos en Comodoro Rivadavia el Sindicato de Petroleros de Chubut. Nos recibi√≥ su secretario general, Jorge ‚ÄúLoma‚Äù Avila. Conversamos sobre el enorme potencial que tiene la provincia para desarrollar su producci√≥n petrolera. Vamos a trabajar por una Argentina sin trabas.",https://twitter.com/PatoBullrich/status/1659184683903483906,Bullrich
2023-05-17 18:03:42+00:00,3360,1099,44,"""Estamos frente a una oportunidad hist√≥rica: la de terminar con el r√©gimen kirchnerista. Un sistema que ha expropiado el futuro de los argentinos, que ha degradado la cultura del trabajo y que ha destruido la educaci√≥n"".

En Caleta Olivia, Santa Cruz, sumamos fuerzas para un cambio profundo.",https://twitter.com/PatoBullrich/status/1658941385255403520,Bullrich
2023-05-17 15:26:58+00:00,2409,805,78,"Gracias @hector_gay, intendente de Bah√≠a Blanca, por tu apoyo y sumarte a nuestro equipo. ¬°Bienvenido a La Fuerza del Cambio! https://t.co/uDjmgpEdfG",https://twitter.com/PatoBullrich/status/1658901942712639489,Bullrich
2023-05-17 12:02:16+00:00,1191,299,10,"Lan√∫s, de la mano de @Nestorgrindetti y @diegokravetz, se convirti√≥ en el primer municipio de Argentina en incorporar armas no letales a su Plan de Seguridad Integral. Debemos llevar esta tecnolog√≠a de prevenci√≥n de inmediato a todo el pa√≠s.",https://twitter.com/PatoBullrich/status/1658850427620716617,Bullrich
2023-05-16 21:33:22+00:00,1721,598,20,"‚ÄúEste cambio, es un cambio que no puede esperar‚Äù.

En Pico Truncado, Santa Cruz, tenemos la fuerza para lograr un cambio profundo.
O√≠d mortales, el grito sagrado: ¬°libertad para esta provincia! https://t.co/h9zHrN6yjk",https://twitter.com/PatoBullrich/status/1658631759507116032,Bullrich
2023-05-16 16:58:47+00:00,2244,965,40,"Desde Santa Cruz nos comprometemos a terminar con el r√©gimen kirchnerista, que le expropi√≥ el futuro a los argentinos. Lo hicimos frente a un emblem√°tico monumento a la corrupci√≥n: la Ruta Nacional N¬∫ 3. https://t.co/1jvHd3ofoj",https://twitter.com/PatoBullrich/status/1658562660869210113,Bullrich
2023-05-16 12:54:51+00:00,1668,740,31,Un pa√≠s sin sentido. https://t.co/Fee44BHBJu,https://twitter.com/PatoBullrich/status/1658501271567974400,Bullrich
2023-05-15 23:05:38+00:00,2312,676,68,"Hoy en Palermo me junt√© con v√≠ctimas de la inseguridad. Saben que cuentan conmigo y que voy a trabajar con determinaci√≥n, como ya lo hice en mi gesti√≥n contra los criminales. Conmigo, el que las hace las paga. https://t.co/5P6wGnByYy",https://twitter.com/PatoBullrich/status/1658292592381927425,Bullrich
2023-05-15 21:49:08+00:00,2817,989,55,"Tiene raz√≥n Alberto Fern√°ndez: no votes mentirosos, no votes a ninguno de los del Frente de Todos.

@todonoticias @diegosehinkman #SoloUnaVueltaM√°s https://t.co/8oCBgTYua6",https://twitter.com/PatoBullrich/status/1658273341835190276,Bullrich
2023-05-15 13:41:29+00:00,7554,2126,184,Conmigo esto no pasaba. https://t.co/yuu1gObYdL,https://twitter.com/PatoBullrich/status/1658150619499180034,Bullrich
2023-05-15 00:01:51+00:00,1098,246,16,"Felicitaciones a los concejales electos Maximiliano Ybars, de R√≠o Grande, y Bel√©n Monte de Oca, de Ushuaia, y a todo el equipo de Tierra del Fuego. ¬°S√© que van a ser grandes representantes de sus ciudades!",https://twitter.com/PatoBullrich/status/1657944353032097793,Bullrich
2023-05-14 23:25:41+00:00,4074,880,65,"¬°Felicitaciones al equipo de Juntos por el Cambio en La Pampa por la gran elecci√≥n! Con este resultado logramos decenas de nuevas intendencias, pasamos de tener 11 a 14 diputados y sumamos m√°s concejales: ¬°nuestra voz se har√° escuchar bien fuerte!",https://twitter.com/PatoBullrich/status/1657935251979620352,Bullrich
2023-05-14 22:29:59+00:00,3029,936,45,"Enfrentando un sistema electoral obsoleto y las trampas de siempre, la fuerza del cambio se impuso en la capital de San Juan. @SusanaLaciar ser√° la pr√≥xima intendenta. ¬°Felicitaciones a ella y a todo su equipo! Como dice Susana: ¬°que despierten los sanjuaninos! https://t.co/4npDpw6ugt",https://twitter.com/PatoBullrich/status/1657921235496345603,Bullrich
2023-05-22 13:39:34+00:00,24,6,0,"#Mendoza El maestro y precandidato a Gobernador Lautaro Jim√©nez denunci√≥ a Miguel Ronco ante el INADI  - 
MinutoYA https://t.co/SQfZsH3Qv0",https://twitter.com/myriambregman/status/1660686854516006914,Bregman
2023-05-22 13:14:16+00:00,42,10,0,"Mil personas en la inauguraci√≥n de ""Rebeli√≥n"" en La Plata.
Bregman y Del Ca√±o en La Plata: ""Al mal menor hay que combatirlo, la salida es por izquierda"" https://t.co/z02qLq6X1L a trav√©s de @laizqdiariomx",https://twitter.com/myriambregman/status/1660680488070139904,Bregman
2023-05-22 13:07:02+00:00,38,10,0,"Intensa actividad pol√≠tica. | El PTS-FITU de Argentina realiz√≥ asambleas abiertas y se encamina hacia su Conferencia Electoral https://t.co/HX3ILpNb7a, v√≠a @izquierdadiario",https://twitter.com/myriambregman/status/1660678664831352832,Bregman
2023-05-22 12:59:24+00:00,25,6,0,"Convocatoria abierta #Jujuy: Vilca y el Frente de Izquierda dicen ‚Äúno a la reforma constitucional de Morales‚Äù y exige paro provincial https://t.co/aFSJGQQD1D, v√≠a @izquierdadiario",https://twitter.com/myriambregman/status/1660676745379414016,Bregman
2023-05-22 11:01:53+00:00,18,5,0,Atenci√≥n,https://twitter.com/myriambregman/status/1660647170729451528,Bregman
2023-05-21 21:13:25+00:00,1,0,0,@Lulamaravilla Idem,https://twitter.com/myriambregman/status/1660438681604304897,Bregman
2023-05-21 20:58:37+00:00,721,25,4,Gracias ü§ü,https://twitter.com/myriambregman/status/1660434956810682370,Bregman
2023-05-21 20:52:52+00:00,427,10,0,Volvi√≥ el del marido üò±,https://twitter.com/myriambregman/status/1660433508894908416,Bregman
2023-05-21 18:26:10+00:00,46,1,0,üòä,https://twitter.com/myriambregman/status/1660396592153649152,Bregman
2023-05-21 17:32:13+00:00,25,9,1,"""En Tucum√°n gobierna un partido √∫nico, el de los due√±os de las citr√≠colas, el de los due√±os de las tierras"", dice mi compa√±era @AleArreguezPTS y me llena de orgullo que mi partido est√© de ese lado, del de los trabajadores y trabajadoras rurales de Tucum√°n.",https://twitter.com/myriambregman/status/1660383012817629184,Bregman
2023-05-21 17:18:41+00:00,65,12,0,"""La mujer trabaja m√°s que el hombre, de 16 a 20 hs, despu√©s del empaque se quedan limpiando. No hay un ser humano que aguante tanto"". 
As√≠ trabajan las mujeres en este pa√≠s.",https://twitter.com/myriambregman/status/1660379608313634818,Bregman
2023-05-21 17:16:26+00:00,215,68,1,"Hay pol√≠ticos infames que dicen que el problema de la Argentina es que los trabajadores tienen muchos derechos y se necesita una reforma laboral. Vean c√≥mo se hace la cosecha del lim√≥n. 
""Por qu√© los de arriba se enriquecen y los de abajo somos los peores, eso es lo que duele"".",https://twitter.com/myriambregman/status/1660379042518818819,Bregman
2023-05-21 17:01:22+00:00,33,2,0,"Orgullosa de esta juventud üòäüíöüí™
https://t.co/sxSaSPdED8",https://twitter.com/myriambregman/status/1660375247856566276,Bregman
2023-05-21 09:59:48+00:00,1,0,0,@FloraAlkorta @NicolasdelCano @LuanaSimioni üëÄ,https://twitter.com/myriambregman/status/1660269160457203719,Bregman
2023-05-21 08:35:07+00:00,136,26,1,"#LaPlata Mil personas en Rebeli√≥n. | Bregman y Del Ca√±o en La Plata: ""Al mal menor hay que combatirlo, la salida es por izquierda"" https://t.co/H5ziV9S0Va, v√≠a @izquierdadiario",https://twitter.com/myriambregman/status/1660247846560440320,Bregman
2023-05-21 01:00:14+00:00,341,16,14,"Fernet, Rebeli√≥n y grandes proyectos, amigues ‚úä
#LaPlata https://t.co/15YXT8ulye",https://twitter.com/myriambregman/status/1660133372767744003,Bregman
2023-05-20 18:36:35+00:00,4,0,0,@fedepuy üòÇ,https://twitter.com/myriambregman/status/1660036824696324096,Bregman
2023-05-19 20:28:11+00:00,2,0,0,@ValeH_LP Gracias üòä,https://twitter.com/myriambregman/status/1659702519197736961,Bregman
2023-05-19 19:15:25+00:00,40,15,3,"Entrevista GLP: ‚ÄúEn la interna de JxC se pelean por qui√©n va a ajustar m√°s a los trabajadores‚Äù, dijo Nicol√°s del Ca√±o https://t.co/dDli2BYt2G a trav√©s de @laprovinciabsas",https://twitter.com/myriambregman/status/1659684208179048448,Bregman
2023-05-19 19:09:45+00:00,58,13,1,"Con una audiencia p√∫blica, se impuls√≥ en el Congreso la creaci√≥n del Instituto Nacional de Artes Visuales -  https://t.co/8kJ195SCKx",https://twitter.com/myriambregman/status/1659682783445262336,Bregman
2023-05-19 17:10:14+00:00,40,13,0,Ma√±ana s√°bado‚úä,https://twitter.com/myriambregman/status/1659652705839620126,Bregman
2023-05-19 08:49:54+00:00,44,11,3,"Hoy 14hs en @DiputadosAR
Presentan un proyecto para crear el Instituto Nacional de las Artes Visuales - Infobae https://t.co/PmgiAxA5hL",https://twitter.com/myriambregman/status/1659526791587942400,Bregman
2023-05-19 07:58:58+00:00,13,2,0,Comparto üì∫,https://twitter.com/myriambregman/status/1659513974818258945,Bregman
2023-05-19 07:57:46+00:00,69,21,1,"Jujuy. | Luchar sirve: los trabajadores de Uatre Ledesma consiguieron un 120% de aumento  https://t.co/E6f5QESN7N, v√≠a @izquierdadiario",https://twitter.com/myriambregman/status/1659513674657038337,Bregman
2023-05-18 20:49:54+00:00,63,12,0,Septiembre de 2021.,https://twitter.com/myriambregman/status/1659345597755686913,Bregman
2023-05-18 20:49:05+00:00,137,25,1,7 de marzo de 2022. Era ilegal.,https://twitter.com/myriambregman/status/1659345393061068802,Bregman
2023-05-18 20:46:27+00:00,349,73,9,"El acuerdo con el Fondo es ilegal. Entonces, los que lo pagan, los que lo votaron en el Congreso ¬øqu√© son?",https://twitter.com/myriambregman/status/1659344731061600266,Bregman
2023-05-18 15:48:03+00:00,61,11,1,"Represi√≥n estatal. | Masacre de Monte: cuatro polic√≠as condenados y un jal√≥n para redoblar la lucha https://t.co/PyouyQegTR
Por @saturnetroc, v√≠a @izquierdadiario",https://twitter.com/myriambregman/status/1659269637358460937,Bregman
2023-05-18 13:33:09+00:00,228,33,6,"Con luchadoras as√≠, a todos lados. Fuerza compa√±eras ‚úä https://t.co/SYU0VcqMqn",https://twitter.com/myriambregman/status/1659235687135051778,Bregman
2023-05-18 13:19:41+00:00,20,5,0,Espero sus definiciones @RossoFer @otro_periodista üëÄ,https://twitter.com/myriambregman/status/1659232299760640005,Bregman
2023-05-18 11:35:32+00:00,53,14,1,"A propuesta de AVVA este viernes presentaremos una ley para que lxs trabajadorxs¬†de las artes visuales cuenten con un Instituto que garantice sus derechos, que fomente la creaci√≥n, producci√≥n, formaci√≥n, investigaci√≥n y difusi√≥n de su actividad el pais #LeyNacionalArtesVisualesYa https://t.co/cUYqH9VVch",https://twitter.com/myriambregman/status/1659206085948112903,Bregman
2023-05-18 11:07:50+00:00,227,50,2,Este gobierno tiene un buen profe de boxeo ü•ä. Amagaron por izquierda con que iban a buscar los fondos de los fugadores y el sopapo vino por derecha: una ley de blanqueo a favor de los que fugan como las dem√°s. El cross se lo come el pueblo.,https://twitter.com/myriambregman/status/1659199117866962944,Bregman
2023-05-18 10:36:27+00:00,9,0,0,"@FloraAlkorta No, ayer fui al super y no ten√≠a fondos, tengo testigos üò±",https://twitter.com/myriambregman/status/1659191216863432705,Bregman
2023-05-18 10:33:04+00:00,483,126,6,"La AGN concluy√≥ que el acuerdo con el FMI que realiz√≥ Macri no cumpli√≥ con los procedimientos legales. 
Me encantar√≠a saber por qu√© tardaron tantos a√±os en llegar a ese resultado que desde el punto de vista legal es notorio, incluso m√°s all√° de toda consideraci√≥n pol√≠tica.",https://twitter.com/myriambregman/status/1659190368020099073,Bregman
2023-05-18 10:25:21+00:00,12,0,0,"@FloraAlkorta Entre Soros y esto, hasta las manos....",https://twitter.com/myriambregman/status/1659188426011287552,Bregman
2023-05-17 19:54:32+00:00,185,51,6,"Vos ten√©s un kiosco y te persiguen hasta abajo de la cama. Si sos monotributista, te ahorcan, pero...

M√°s medidas para los ricos. | Blanqueo de capitales: como Macri, Massa sigue premiando a los fugadores https://t.co/O8TGcaKfac 
Por LID Econom√≠a , v√≠a @izquierdadiario",https://twitter.com/myriambregman/status/1658969275774689281,Bregman
2023-05-17 14:30:44+00:00,283,52,9,"Imaginen lo que hubiese ocurrido en la pandemia con un programa de salud arancelado como propone Milei Su propuesta es que el que no tiene plata no puede curarse, ni educarse. A eso llama ""libertad"".",https://twitter.com/myriambregman/status/1658887791269249039,Bregman
2023-05-17 14:29:34+00:00,260,38,16,"Es un cruzada contra los derechos de las mujeres y la diversidad. 
A pesar de todas las trabas para su implementaci√≥n, de los gobiernos reaccionarios y de las Iglesias, la ESI ha servido para que muchos ni√±es puedan identificar situaciones de abuso. √âl lo quiere impedir.",https://twitter.com/myriambregman/status/1658887496669724681,Bregman
2023-05-17 14:28:08+00:00,275,33,12,"Muchos de los que van a votar a Milei seguramente no conocen ese programa. Milei no es tonto, lo presenta escondido en la justicia y no lo difunde masivamente.",https://twitter.com/myriambregman/status/1658887134713872384,Bregman
2023-05-17 14:27:14+00:00,1659,287,151,"El programa de Milei es brutal. Ni Mart√≠nez de Hoy, ni Menem, se animaron a tanto. Solo con la m√°s feroz dictadura militar se puede intentar aplicar un programa as√≠. 
Por algo su perro se llama ‚ÄúMilton‚Äù, como el economista preferido del genocida Pinochet.",https://twitter.com/myriambregman/status/1658886908682829852,Bregman
2023-05-17 14:22:35+00:00,320,48,3,Una sensible ministra del FMI.,https://twitter.com/myriambregman/status/1658885738618814502,Bregman
2023-05-17 12:23:19+00:00,53,10,1,"""Una estafa m√°s"": Del Ca√±o apunt√≥ contra Manzur por la reimpresi√≥n de votos https://t.co/tBUkCOKpQH",https://twitter.com/myriambregman/status/1658855725890785280,Bregman
2023-05-17 11:25:02+00:00,25,7,0,¬°Toda nuestra solidaridad y acompa√±amiento con los y las docentes!,https://twitter.com/myriambregman/status/1658841057440792576,Bregman
2023-05-17 11:19:39+00:00,162,36,12,"Manzur, amo de la justicia local, se present√≥ contra la ley vigente. La Corte intervino seg√∫n su propia conveniencia pol√≠tica. Pero nos cargan las consecuencias: nos quieren hacer imprimir las boletas de nuevo, un costo casi imposible p una fuerza independiente y de trabajadores",https://twitter.com/myriambregman/status/1658839702231830530,Bregman
2023-05-17 07:17:40+00:00,1,0,0,@JuliLaso La est√°s rompiendo ‚úä,https://twitter.com/myriambregman/status/1658778803630383106,Bregman
2023-05-16 22:00:45+00:00,9,0,0,@JuliLaso üëèüëè,https://twitter.com/myriambregman/status/1658638653361364992,Bregman
2023-05-16 18:06:22+00:00,42,20,0,"#Salta | S√°enz reprimi√≥ nuevamente a la docencia autoconvocada https://t.co/K2i7QRifUC, v√≠a @izquierdadiario",https://twitter.com/myriambregman/status/1658579668432216065,Bregman
2023-05-16 12:21:01+00:00,56,11,0,Lautaro Jimenez desafi√≥ a Cornejo a comparar sus bonos de sueldos y el Registro de Asistencias - MinutoYA https://t.co/DpyKdLXAnj,https://twitter.com/myriambregman/status/1658492756572995584,Bregman
2023-05-15 19:08:42+00:00,340,60,11,"Las f√°bricas recuperadas por sus trabajadores y trabajadoras como la ex Zanon (hoy FaSinPat, f√°brica sin patrones), se sostienen con mucho esfuerzo y solidaridad. Entre esos ejemplos, est√° este del a√±o 2005. https://t.co/Ktm5n86C3w",https://twitter.com/myriambregman/status/1658232965158109185,Bregman
2023-05-15 18:08:45+00:00,350,21,1,"El no tiene por qu√© saber, ¬øpero un amigo que lo ayude tampoco tiene?",https://twitter.com/myriambregman/status/1658217878850510881,Bregman
2023-05-15 16:57:59+00:00,209,19,2,"Absuelto, no inocente. Fuerza @soythelmafardin",https://twitter.com/myriambregman/status/1658200072436187136,Bregman
2023-05-15 16:56:23+00:00,8,1,0,@alejwall @aleberco Claro que si ‚ò∫Ô∏è‚ù§Ô∏è‚úä,https://twitter.com/myriambregman/status/1658199668675715078,Bregman
2023-05-15 16:22:15+00:00,37,11,1,"Comparto üì∫
Bregman y Del Ca√±o: ""Todos plantean ajustar al pueblo trabajador"" | La cr√≠tica de la Izquierda a las principales fuerzas pol√≠ticas https://t.co/0fF0ewdDdp a trav√©s de @Pagina12",https://twitter.com/myriambregman/status/1658191079881990144,Bregman
2023-05-15 16:16:54+00:00,33,4,0,"Madygraf: la f√°brica sin patrones vibr√≥ a puro rock https://t.co/t7vKqnOo8W, v√≠a @izquierdadiario",https://twitter.com/myriambregman/status/1658189732713488408,Bregman
2023-05-15 16:02:10+00:00,65,2,0,"Yo vi a @alejwall cantar euf√≥rico los temas de La Renga üòú
¬°Catriel es lo m√°s! @aleberco",https://twitter.com/myriambregman/status/1658186023245865020,Bregman
2023-05-15 14:49:00+00:00,26,2,0,Vamos Noe üíö‚úä,https://twitter.com/myriambregman/status/1658167609840263177,Bregman
2023-05-15 14:44:04+00:00,26,8,0,¬°Presente!,https://twitter.com/myriambregman/status/1658166369026727948,Bregman
2023-05-15 14:27:10+00:00,48,5,0,Bregman y Del Ca√±o en campa√±a: ‚ÄúEs falso que solamente se fortalece la derecha en esta crisis‚Äù https://t.co/tSaQoerD6A,https://twitter.com/myriambregman/status/1658162117571227652,Bregman
2023-05-15 12:12:18+00:00,637,12,5,"Esto s√≠ que es un consejo. Gracias, rey.",https://twitter.com/myriambregman/status/1658128178609627138,Bregman
2023-05-15 12:04:01+00:00,75,26,0,"Lxs trabajadorxs y su sindicato reclaman que el gobierno y la empresa saquen el asbesto del #Subte y reduzcan la jornada laboral a 6 hs/5 d√≠as, con 2 francos, porque el subte es y seguir√° siendo insalubre. El Gobierno de CABA y el Grupo Roggio quieren seguir envenen√°ndolos x $$$",https://twitter.com/myriambregman/status/1658126092727664642,Bregman
2023-05-15 11:43:16+00:00,25,5,0,Esto defienden Felipe Miguel y Larreta.,https://twitter.com/myriambregman/status/1658120871209316355,Bregman
2023-05-15 11:30:47+00:00,161,42,0,"Reclamar porque no quer√©s m√°s compa√±eros muertos por la exposici√≥n al asbesto, exigir que se tomen medidas, para el gobierno de Larreta constituye una extorsi√≥n. 
En cambio, cuando reclaman las grandes patronales, son justos reclamos. 
Qu√© vara tan distinta tienen.",https://twitter.com/myriambregman/status/1658117728455016451,Bregman
2023-05-15 11:24:54+00:00,61,25,1,"El gobierno de Larreta est√° llevando adelante una pol√≠tica feroz contra los trabajadores y trabajadoras del #Subte. Hay que rodearlos de solidaridad y repudiar los ataques que sufren, que no son m√°s que la cobertura de un negocio millonario y criminal.",https://twitter.com/myriambregman/status/1658116247123292160,Bregman
2023-05-22 16:40:44+00:00,1192,223,28,"Cuando la deshumanizaci√≥n se naturaliza, la sociedad corre peligro. Tal vez los privilegiados no est√°n preparados para entender que en una Argentina Humana todos somos iguales. La respuesta de @wadodecorrido: https://t.co/4PqdReA317",https://twitter.com/JuanGrabois/status/1660732443173814272,Grabois
2023-05-19 23:18:28+00:00,4098,632,245,"Nosotros, los hijos de la generaci√≥n diezmada vamos a tomar la posta, junto a los nuevos descamisados y la juventud argentina.

Vamos a garantizar la opci√≥n pol√≠tica y un programa de gobierno transformador. Vamos a garantizar la m√°s fuerte batalla contra la derecha neoliberal. https://t.co/nBqoLGNGkq",https://twitter.com/JuanGrabois/status/1659745373764612098,Grabois
2023-05-19 18:30:00+00:00,621,102,16,"En minutos arrancamos el acto en Ferro, seguilo en vivo: https://t.co/aQw4RT4bmT",https://twitter.com/JuanGrabois/status/1659672780500254721,Grabois
2023-05-18 14:41:00+00:00,2849,479,242,"En esta enorme movilizaci√≥n popular quiero unir mi voz al grito de las madres y padres trabajadores de los 10 millones de ni√±os, ni√±as y adolescentes empobrecidos por la criminal pol√≠tica econ√≥mica y social que impuso el FMI ¬°Ning√∫n argentino sin pan! https://t.co/TRXqFwBgqK",https://twitter.com/JuanGrabois/status/1659252763858018323,Grabois
2023-05-17 17:16:21+00:00,746,168,13,Video completo en Youtube: https://t.co/3YWqCPip5y,https://twitter.com/JuanGrabois/status/1658929469262909442,Grabois
2023-05-17 17:16:20+00:00,2300,319,24,"Nuestra estrategia para la seguridad tiene tres niveles:

Por abajo pol√≠ticas de inclusi√≥n.
Por el medio reforma de la polic√≠a y la burocracia penal.
Por arriba combatir el lavado de dinero proveniente del crimen organizado. https://t.co/sp3xS274Ls",https://twitter.com/JuanGrabois/status/1658929463613087744,Grabois
2023-05-17 17:16:19+00:00,2180,296,38,"Tenemos un plan serio, federal, estudiado, con pol√≠ticas que han funcionado. No hace falta convertirse en Videla para reducir la violencia. Lo podemos hacer con inteligencia, con amor y con firmeza. https://t.co/DIRFEaOfto",https://twitter.com/JuanGrabois/status/1658929458890276865,Grabois
2023-05-17 17:16:17+00:00,7912,1624,503,"Como viene diciendo Cristina, hay que discutir programa. En este segundo video, les dejamos algunas propuestas concretas sobre Seguridad. No hay que tener pruritos frente a los temas espinosos. Los derechos humanos y la convivencia pac√≠fica son dos caras de la misma moneda. https://t.co/AxLMwYEXHT",https://twitter.com/JuanGrabois/status/1658929453936914433,Grabois
2023-05-16 19:35:09+00:00,6490,1178,197,"Se avecinan tiempos a√∫n m√°s dif√≠ciles para nuestro pueblo. Hay una larga pelea por delante... y no vamos a perder porque no vamos a abandonar. A Cristina todo nuestro respeto y gratitud. Siempre vamos a poner la cara, el cuerpo y el coraz√≥n por ella, por el Pueblo y por Argentina",https://twitter.com/JuanGrabois/status/1658602011175124995,Grabois
2023-05-22 17:43:11+00:00,210,118,15,"Los vecinos de Play√≥n de Chacarita ahora tienen una farmacia cerca de su casa, que le da trabajo a los vecinos del barrio. 

Con @mariamigliore y @sergio_fajardo, ex alcalde de Medell√≠n y gobernador de Antioquia, estuvimos en la primera sucursal de Farmacity instalada en un barrio popular de la Ciudad. 

Hoy empieza el Congreso de Integraci√≥n y Desarrollo de la Ciudad de Buenos Aires, donde vamos a compartir experiencias como esta del Play√≥n de Chacarita. Creemos en la integraci√≥n sociourbana para nivelar para arriba, y en el desarrollo a trav√©s del trabajo.",https://twitter.com/horaciorlarreta/status/1660748162787692546,Larreta
2023-05-22 09:01:53+00:00,564,394,31,Mientras algunos se perpet√∫an en el poder por d√©cadas hay un equipo de formose√±os que est√° trabajando para terminar con el estancamiento y transformar la provincia. Felicitaciones @FCarbajal2021 @gabrielaneme @EQuiqueRamirez y a todo JxC Formosa. Vamos juntos a pelearla cueste lo que cueste para cambiar la provincia y mejorar la vida de la gente. Tienen todo mi apoyo!,https://twitter.com/horaciorlarreta/status/1660616973590450179,Larreta
2023-05-21 11:46:08+00:00,656,478,9,"Felicitaciones @DamianGaravano, nuevo presidente del PRO en Corrientes y @JuanBeterette, presidente de la juventud! S√© que con su compromiso y el de todo el equipo van a seguir haciendo crecer nuestro espacio y continuar la transformaci√≥n que est√°n haciendo de la provincia! Todos los √©xitos!",https://twitter.com/horaciorlarreta/status/1660295918787100673,Larreta
2023-05-16 21:42:45+00:00,1080,665,65,"21 l√≠neas de colectivo. M√°s de 250 mil personas por d√≠a. 30% menos de tiempo de viaje, m√°s tiempo para vos. Esto es el Nuevo Metrobus del Bajo que conecta Retiro con La Boca y ya est√° funcionando.  Esto es hacer. Esto es transformar. Esto es cambiar. https://t.co/t0EAIXq2BF",https://twitter.com/horaciorlarreta/status/1658634124700123139,Larreta
2023-05-16 07:58:32+00:00,659,485,44,EN VIVO | Transformar es posible juntos: nuevo Metrobus del Bajo. https://t.co/VtwJ7NQKfz,https://twitter.com/horaciorlarreta/status/1658426702316306439,Larreta
2023-05-15 17:25:30+00:00,962,544,123,En estos a√±os trabajando juntos pudimos hacer la transformaci√≥n m√°s grande de la historia de la Ciudad. Vamos a seguir este camino. https://t.co/Q13irOLPXi,https://twitter.com/horaciorlarreta/status/1658206994505801737,Larreta
2023-05-14 23:08:45+00:00,403,342,3,Felicitaciones a todos los fueguinos que hoy fueron a votar. Gracias @TitoStefani y @paulinorossi por su compromiso y trabajo diario! Vamos a seguir trabajando juntos para transformar Tierra del Fuego!,https://twitter.com/horaciorlarreta/status/1657930988767555585,Larreta
2023-05-14 22:56:23+00:00,514,402,9,"Felicitaciones @DrMarceloOrrego, @fabianmartinsj, @EnzoACornejo, @SusanaLaciar y a todo Cambia San Juan por la excelente elecci√≥n que hicieron!! Mientras los sanjuaninos esperan para poder elegir su pr√≥ximo gobernador de forma constitucional y transparente, es un orgullo ver c√≥mo crece el equipo del cambio en la ciudad y en la provincia!

Lamentablemente, en San Juan, como en muchas otras provincias argentinas, ser el candidato m√°s votado no basta para convertirse en gobernador por la tramposa y fraudulenta ley de lemas. 
Esta es una muestra m√°s de la necesidad que tenemos de cambiar este sistema por uno m√°s transparente y representativo.",https://twitter.com/horaciorlarreta/status/1657927876056842245,Larreta
2023-05-14 22:15:06+00:00,577,413,10,"Felicitaciones @MBerhongaray, Patricia Testa y a todo el equipo de JxC La Pampa por la gran elecci√≥n que hicieron! Es un orgullo ver c√≥mo crece nuestro espacio en la provincia. Hoy ganamos m√°s intendencias y m√°s diputados provinciales con los que vamos a impulsar el cambio y recuperar cada rinc√≥n de la provincia para todos los pampeanos!",https://twitter.com/horaciorlarreta/status/1657917489748082689,Larreta
2023-05-22 18:21:35+00:00,128,60,1,"Si queremos ser un pa√≠s que genere empleo de calidad y que venda su trabajo al mundo, necesitamos PyMEs capacitadas. Por eso, con este cr√©dito buscamos promover la inversi√≥n que permita formarse, desarrollarse y aplicar nuevas tecnolog√≠as a sus producciones.

#CreoEnArgentina https://t.co/CJeADGutVN",https://twitter.com/SergioMassa/status/1660757824597630983,Massa
2023-05-22 18:21:34+00:00,121,56,0,"El programa consiste en cr√©ditos y aportes no reembolsables que podr√≠an generar en pocos a√±os millones de nuevos empleos o empleos reconvertidos y mejorar tambi√©n la productividad y la competitividad de las PyMEs, garantizando as√≠ su ingreso al mundo de las industrias 4.0.",https://twitter.com/SergioMassa/status/1660757822504591360,Massa
2023-05-22 18:21:34+00:00,213,104,20,"Junto al secretario @DMVasco y gracias al apoyo internacional de @el_BID y de @BCIE_Org, pusimos en marcha un programa de 130 millones de d√≥lares que busca promover la innovaci√≥n y transformaci√≥n digital de las PyMEs argentinas hacia una industria 4.0. https://t.co/2ebbJdbO2O",https://twitter.com/SergioMassa/status/1660757820441075714,Massa
2023-05-19 13:39:35+00:00,334,133,1,"@sbatakis @dmvasco Estos cr√©ditos a tasa promovida son la demostraci√≥n de que nosotros desde el Estado creemos en una econom√≠a que apuesta por el pa√≠s y que genera valor, empleo, innovaci√≥n y desarrollo y que nos permite vender nuestro trabajo y nuestra producci√≥n al mundo.

#CreoEnArgentina https://t.co/eAWOEpV1cX",https://twitter.com/SergioMassa/status/1659599692827590658,Massa
2023-05-19 13:38:31+00:00,341,142,1,"@sbatakis @dmvasco Ya pusimos a disposici√≥n a trav√©s de esta l√≠nea con el Banco Naci√≥n 70.000 millones que se fueron agotando al instante y por eso a partir del mediod√≠a de hoy, estar√°n disponibles 30.000 millones m√°s para que todos tengan la oportunidad de seguir invirtiendo y puedan crecer.",https://twitter.com/SergioMassa/status/1659599425310801923,Massa
2023-05-19 13:37:40+00:00,637,245,19,"Junto a la presidenta del Banco Naci√≥n @SBatakis, al secretario de Industria @DMVasco y a representantes del sector, anunciamos la ampliaci√≥n de la l√≠nea CreAr de Inversi√≥n PyME para garantizar que nuestras industrias sigan produciendo y generando trabajo en la Argentina. https://t.co/AcloNkfJuq",https://twitter.com/SergioMassa/status/1659599212932218893,Massa
2023-05-18 17:37:26+00:00,540,204,20,"Con @GustavoMelella, enorme ganador de Tierra del Fuego, trabajando en un proyecto de hidr√≥geno verde para generar la propuesta de energ√≠a verde m√°s austral¬†del¬†mundo. https://t.co/XGmkkaWbyp",https://twitter.com/SergioMassa/status/1659297162641960999,Massa
2023-05-17 15:22:09+00:00,301,132,2,"Es muy importante contar con gobernadores como @GustavoSaenzOK, que apenas terminado el proceso electoral en su provincia dio vuelta a la p√°gina, porque entiende que lo m√°s importante es seguir trabajando en resolver los problemas de la gente y de Salta.

#CreoEnArgentina https://t.co/CJlekfyvUW",https://twitter.com/SergioMassa/status/1658900728662958087,Massa
2023-05-17 15:22:08+00:00,271,121,1,"Estos acuerdos tambi√©n financiar√°n pol√≠ticas agropecuarias sustentables para la provincia que incrementar√°n la cobertura y la calidad de la infraestructura rural, con obras de conectividad rural, riego, caminos, electrificaci√≥n y prevenci√≥n de incendios.",https://twitter.com/SergioMassa/status/1658900726867795971,Massa
2023-05-17 15:22:08+00:00,227,97,1,"Tambi√©n firmamos el convenio para iniciar las obras del Gasoducto de los Valles Calchaqu√≠es con una inversi√≥n de 26.000 millones de pesos, que potenciar√° el transporte de gas en la provincia de Salta y mejorar√° su productividad industrial y su desarrollo econ√≥mico.",https://twitter.com/SergioMassa/status/1658900724976164879,Massa
2023-05-17 15:22:07+00:00,225,97,3,"Entre las principales firmas, se encuentra la pavimentaci√≥n de la Ruta 86, entre la ciudad de Tartagal y el paraje Tonono y el desarrollo de infraestructura vial e h√≠drica en la Ruta 66, con financiamiento de @AgendaCAF y una duraci√≥n estimada de 24 meses. https://t.co/ejtHPnJzAQ",https://twitter.com/SergioMassa/status/1658900722463776788,Massa
2023-05-17 15:22:06+00:00,583,270,26,"Junto al gobernador @GustavoSaenzOK, el ministro de Obras P√∫blicas @GKatopodis y las y los secretarios @FlaviaRoyon, @JorgeNeme_, @JuanjoBahillo y @jmcheppi, firmamos importantes convenios de obras de infraestructura para la provincia de Salta. https://t.co/EEDFEOA8ZP",https://twitter.com/SergioMassa/status/1658900718244306954,Massa
2023-05-16 20:13:06+00:00,350,157,2,"De esta forma, las PyMEs y cooperativas van a poder extender su oferta con tecnolog√≠a de √∫ltima generaci√≥n y llevar la mejor conectividad a cada escuela, cada hospital, cada comunidad y cada barrio popular del pa√≠s.

#CreoEnArgentina https://t.co/gThczIQLrQ",https://twitter.com/SergioMassa/status/1658611559961174017,Massa
2023-05-16 20:13:05+00:00,341,145,1,"Esta habilitaci√≥n del espectro de banda de 6 GHz para el uso libre y sin licencia, coexistir√° con los servicios que ya existen y ser√° clave para administrar y maximizar los recursos que pertenecen a todos los argentinos y argentinas.",https://twitter.com/SergioMassa/status/1658611558170128393,Massa
2023-05-16 20:13:05+00:00,626,270,59,"Junto al presidente de @ENACOMArgentina @Ambrosinius y representantes de las principales empresas del sector tecnol√≥gico, presentamos WIFI 6, Por Una Argentina Con Hogares M√°s Y Mejor Conectados, que asigna una banda del espectro para el uso y desarrollo de la tecnolog√≠a WIFI 6. https://t.co/Wo276HdiHG",https://twitter.com/SergioMassa/status/1658611556341432322,Massa
2023-05-14 21:53:34+00:00,738,258,12,"Felicitaciones @ZiliottoSergio querido.
Trabajar por el desarrollo industrial, bancar el gasoducto como sue√±o del pa√≠s y avanzar en lo productivo a√∫n con la sequ√≠a, tiene premio.
TE ABRAZO https://t.co/045Jfm5dU7",https://twitter.com/SergioMassa/status/1657912069297938432,Massa
2023-05-14 21:36:23+00:00,805,276,17,"Felicitaciones @GustavoMelella. 
El esfuerzo de pensar en la industria, de avanzar con el proyecto F√©nix en el desarrollo de gas con valor agregado y de trabajar siempre pensando en tu gente, tiene premio. 
TE ABRAZO https://t.co/ZnwR4kP9q6",https://twitter.com/SergioMassa/status/1657907746660818947,Massa
2023-05-22 13:54:44+00:00,33,10,1,Felicitaciones @sebacopello la izquierda gana en Jujuy un nuevo concejal constituyentes al servicio de las luchas populares y contra el ajuste del gobierno provincial y nacional,https://twitter.com/Solanopo/status/1660690670896439297,Solano
2023-05-20 19:31:19+00:00,52,14,1,El Partido Obrero y el MST proponen la f√≥rmula Solano ‚Äì Ripoll https://t.co/ENr1x61fUL,https://twitter.com/Solanopo/status/1660050597364506626,Solano
2023-05-20 17:45:43+00:00,65,11,0,"Le decimos al resto del FIT-U que no hay que tener miedo al debate colectivo. Todo lo contrario, debatir entre miles de compa√±eros fortalece a la izquierda y al Frente https://t.co/B8AD7cDNzu",https://twitter.com/Solanopo/status/1660024023722467329,Solano
2023-05-20 17:45:42+00:00,46,7,0,"Lamentablemente los compa√±eros del PTS hasta ahora se niegan a este camino y se encierran en sus propias precandidaturas, algo que es equivocado y divide",https://twitter.com/Solanopo/status/1660024017783255041,Solano
2023-05-20 17:45:41+00:00,47,7,2,"Por eso venimos sosteniendo una pol√©mica con Bregman y Del Ca√±o, que representan una izquierda que se adapta a los planteos de este sector. Si la izquierda se pega a estas variantes del r√©gimen es muy dif√≠cil que pueda enfrentar a Milei, quien crece por el fracaso del FdT y JxC",https://twitter.com/Solanopo/status/1660024013907718145,Solano
2023-05-20 17:45:40+00:00,45,7,0,"Llamamos a las fuerzas que rechazaron esta propuesta a que revisen su posici√≥n. Para nosotros, la izquierda debe tener una pol√≠tica independiente del kirchnerismo",https://twitter.com/Solanopo/status/1660024010191646723,Solano
2023-05-20 17:45:39+00:00,41,7,0,"El acuerdo al que llegamos con el MST tiene un enorme valor. Vamos a convocar un plenario de la izquierda y los luchadores populares, involucrando a miles de compa√±eros para resolver y decidir sobre el programa y las candidaturas de la izquierda de cara a las pr√≥ximas elecciones",https://twitter.com/Solanopo/status/1660024006815145985,Solano
2023-05-20 17:45:38+00:00,41,6,1,"En CABA proponemos: como Jefa de Gobierno a Vanina Biasi, como Legisladora a Cele Fierro y como diputada nacional a Jesi Gentile",https://twitter.com/Solanopo/status/1660024002159493120,Solano
2023-05-20 17:45:37+00:00,46,7,1,"Adem√°s de la f√≥rmula presidencial, acordamos llevar al plenario la propuesta de impulsar en PBA: como Gobernador a Alejandro Bodart, como diputado nacional a N√©stor Pitrola y como Senadora a Romina Del Pl√° https://t.co/LbV0Eby9k4",https://twitter.com/Solanopo/status/1660023996643983360,Solano
2023-05-20 17:45:34+00:00,41,7,2,"El @FdeIzquierda debe superar la condici√≥n de un frente electoral, para transformarse en un canal de movilizaci√≥n pol√≠tica de los miles de compa√±eros que est√°n enfrentando el ajuste en los barrios, los sindicatos, la juventud, y todos los movimientos de lucha",https://twitter.com/Solanopo/status/1660023986766348290,Solano
2023-05-20 17:45:34+00:00,43,5,0,"Ambos partidos realizamos hoy nuestras conferencias electorales d√≥nde votamos constituir una lista com√∫n que propondremos a este plenario para las elecciones, sobre la base de defender al FIT-U como un polo de independencia de clase para luchar por un gobierno de los trabajadores",https://twitter.com/Solanopo/status/1660023983251550210,Solano
2023-05-20 17:45:33+00:00,246,126,47,Desde el @PartidoObrero y el @MSTargentina convocamos a realizar un gran plenario de la izquierda y proponemos la f√≥rmula presidencial Gabriel Solano - Vilma Ripoll https://t.co/8XBFG9CMRW,https://twitter.com/Solanopo/status/1660023980726669320,Solano
2023-05-19 16:43:12+00:00,128,38,16,"El delirio de Milei es total. Le preguntaron sobre la Educaci√≥n Sexual Integral (ESI) y escuch√° lo que respondi√≥. Mejor reir que llorar

Video cortes√≠a de @prensaobrera https://t.co/xHw4UQvHuA",https://twitter.com/Solanopo/status/1659645900837232657,Solano
2023-05-19 16:01:58+00:00,16,6,0,La f√≥rmula de Barrionuevo. Si estas son las nuevas generaciones... https://t.co/Q5cgHEJ0lK,https://twitter.com/Solanopo/status/1659635525664251927,Solano
2023-05-19 14:50:56+00:00,94,15,3,Agarr√≥ la papa caliente y ahora ya es papa frita.,https://twitter.com/Solanopo/status/1659617649121165312,Solano
2023-05-19 12:17:42+00:00,5,2,0,"Conoc√© el proyecto ac√°
https://t.co/2KGQ76mIBR",https://twitter.com/Solanopo/status/1659579085780131840,Solano
2023-05-19 12:17:39+00:00,7,3,0,"Si logramos aprobar este proyecto para Las Antenas, es un punto de partida para dar esta pelea contra el copamiento narco y el consumo en todos los barrios de la Matanza y luego de la provincia y el pa√≠s. Fuera los narcos, recuperemos a nuestros pibes",https://twitter.com/Solanopo/status/1659579075524960257,Solano
2023-05-19 12:17:36+00:00,9,2,0,"Son medidas fundamentales frente al copamiento narco de los barrios. Las familias del barrio cuentan que la atenci√≥n del consumo problem√°tico implica un gasto de 150.000 pesos por mes (en el mejor de los casos), ninguna familia trabajadora puede pagar eso https://t.co/j1cYHBLP5y",https://twitter.com/Solanopo/status/1659579062841425921,Solano
2023-05-19 12:17:22+00:00,29,11,1,Estamos en La Matanza junto a los diputados y concejales del Frente de Izquierda @RominaDelPla @guillekane y @juanromeropef  presentando proyectos por la creaci√≥n de Centros de Atenci√≥n para consumos problem√°ticos y de urbanizaci√≥n del barrio Las antenas https://t.co/9z1FZwFql5,https://twitter.com/Solanopo/status/1659579003210985474,Solano
2023-05-19 09:27:42+00:00,81,19,17,¬øDe qu√© est√°s hablado Wilis? https://t.co/NJvkLd2djs,https://twitter.com/Solanopo/status/1659536305875828736,Solano
2023-05-18 20:13:22+00:00,253,141,19,Colapso en el Garrahan: en este momento hay ni√±os internados en los pasillos del hospital. Los profesionales exhautos denuncian no se garantizan los recursos ni materiales ni humanos suficientes y se est√°n suspendiendo cirug√≠as y diversos procedimientos. Vizzoti no da respuestas https://t.co/5W3maC4fju,https://twitter.com/Solanopo/status/1659336403929518082,Solano
2023-05-18 20:06:37+00:00,47,15,5,"El gobierno reuni√≥ casi tanta gente como la selecci√≥n nacional en la 9 de Julio. La diferencia, claro, es que a la selecci√≥n la iban a apoyar y al gobierno lo fueron a repudiar. https://t.co/JH2Yub9VVd",https://twitter.com/Solanopo/status/1659334706591088640,Solano
2023-05-18 16:18:03+00:00,391,48,111,¬øC√≥mo vas a terminar con 300.000 personas en la 9 de Julio? ¬øVas a mandar los tanques?,https://twitter.com/Solanopo/status/1659277186040229894,Solano
2023-05-18 14:04:12+00:00,207,53,87,"La 9 de julio explotada contra el hambre, la pobreza y el ajuste del gobierno y el FMI https://t.co/W1Hrm0Pocz",https://twitter.com/Solanopo/status/1659243501832241164,Solano
2023-05-18 13:03:48+00:00,112,36,28,"Explota la 9 de julio contra el ajuste de Alberto, Cristina, Massa y Tolosa Paz https://t.co/cbck9v84aX",https://twitter.com/Solanopo/status/1659228298956754947,Solano
2023-05-17 20:56:11+00:00,8,1,0,"El gobierno de Alicia Kirchner no solo desarrolla un ajuste contra los trabajadores, sino que tambi√©n impulsa una pol√≠tica de persecuci√≥n a los docentes que luchan, aplicando multas millonarias, procesamientos penales y contratando rompehuelgas",https://twitter.com/Solanopo/status/1658984790522048512,Solano
2023-05-17 20:56:10+00:00,11,2,0,Con @amandamartinok en la audiencia p√∫blica acompa√±amos sus reclamos. Hace un mes que los docentes se encuentran en huelga https://t.co/3M0BZW90r7,https://twitter.com/Solanopo/status/1658984786323550208,Solano
2023-05-17 20:56:05+00:00,12,4,0,Hoy acompa√±√© a los compa√±eros que vinieron a traer este reclamo fundamental a Buenos Aires. Juntos nos movilizamos al Ministerio de Educaci√≥n de la naci√≥n y llevamos adelante una audiencia en la legislatura de la Ciudad https://t.co/I9PqyysbDi,https://twitter.com/Solanopo/status/1658984766094360577,Solano
2023-05-17 20:56:00+00:00,60,29,1,Que triunfen los docentes de Santa Cruz que vienen enfrentando a Alicia Kirchner y su pol√≠tica de ajuste y persecuci√≥n sindical https://t.co/Db6LS7At6X,https://twitter.com/Solanopo/status/1658984745869496320,Solano
2023-05-17 20:26:28+00:00,40,13,3,Massa (o Sergio como lo llama  CFK) anunci√≥ un blanqueo de capitales. Macrismo expl√≠cito en beneficio de los empresarios evasores y de los narcos y tantos delincuentes.,https://twitter.com/Solanopo/status/1658977314678472708,Solano
2023-05-17 18:15:40+00:00,20,5,0,"Para Solano, CFK no ser√° candidata porque ‚Äúes la vicepresidenta del acuerdo con el FMI‚Äù https://t.co/nkDgJqdKIs",https://twitter.com/Solanopo/status/1658944396719706112,Solano
2023-05-17 15:32:33+00:00,83,34,2,"Hay miles de ni√±os durmiendo en las calles por la responsabilidad de este gobierno, por su pacto con el FMI y por el ajuste en la asistencia social. Tolosa Paz, en vez de atacar al movimiento piquetero que lucha, deber√≠as atender los reclamos contra el hambre y la pobreza",https://twitter.com/Solanopo/status/1658903348127440925,Solano
2023-05-17 14:31:05+00:00,64,19,0,Hola @vtolosapaz tu gobierno condena al 60% de los pibes y pibas a la pobreza. Una ministra rica en un pa√≠s pobre.,https://twitter.com/Solanopo/status/1658887878661767194,Solano
2023-05-17 12:32:36+00:00,46,18,5,El directorio kirchnerista de YPF a acaba de aumentar nuevamente los precios de los combustibles. Espero la carta de CFK para saber su opini√≥n.,https://twitter.com/Solanopo/status/1658858059165233154,Solano
2023-05-17 11:52:21+00:00,26,12,1,"Vine a acompa√±ar el acto docente frente al Ministerio de Educaci√≥n Nacional. Denuncian aprietes, descuentos salariales y violencia en las escuelas. Hay docentes de los Sutebas combativos, Ademys, una delegaci√≥n de docentes de Adosac  santa Cruz y la AGD UBA. ¬øD√≥nde est√° la CGT? https://t.co/dszZN54zkz",https://twitter.com/Solanopo/status/1658847933809164288,Solano
2023-05-17 09:02:22+00:00,128,35,17,"Acabo de leer la plataforma de Milei. Es un compendio de las pol√≠ticas m√°s reaccionarias contra el pueblo en todas las esferas sin excepci√≥n. Nos comprometemos a hacer todos los esfuerzos para desenmascarar a este facho y mostrar lo que es, un agente de la reacci√≥n social.",https://twitter.com/Solanopo/status/1658805154697584641,Solano
2023-05-16 21:11:41+00:00,25,11,1,Ma√±ana llega la Marcha Federal a la Ciudad de Buenos Aires luego de recorrer todo el pa√≠s. Es una expresi√≥n masiva de lucha contra el hambre y el ajuste del FMI.,https://twitter.com/Solanopo/status/1658626302910275589,Solano
2023-05-16 20:35:45+00:00,226,59,18,"Vi que @VickyVillarruel quiere anular el aborto legal. Claro, ella defiende a los que robaban beb√©s en los campos de concentraci√≥n de la dictadura militar.",https://twitter.com/Solanopo/status/1658617261140189184,Solano
2023-05-16 20:31:36+00:00,32,11,0,Villaruel logr√≥ lo que parec√≠a imposible: ser m√°s reaccionaria que Milei.,https://twitter.com/Solanopo/status/1658616215844126722,Solano
2023-05-16 19:07:04+00:00,9,3,0,No solo los presidentes que acordaron con el FMI no tienen actitud electoral. Tampoco lo tienen sus vicepresidentes y vicepresidentas. Por eso CFK no se quiere presentar.,https://twitter.com/Solanopo/status/1658594943340888065,Solano
2023-05-16 18:56:48+00:00,83,30,0,"Absurda la afirmaci√≥n deCFK de que el peronismo sigue siendo el espacio que garantiza los derechos del pueblo. El peronismo es hoy el que aplica el ajuste del FMI y su principal representante es  Sergio Massa, que gobierna con el apoyo de la vicepresidenta.",https://twitter.com/Solanopo/status/1658592358219280384,Solano
2023-05-16 17:57:53+00:00,25,8,6,"La canasta de pobreza lleg√≥ a los $ 203.000, pero el salario m√≠nimo actualmente en $84.512 cubre apenas el 41%. Labur√°s y sos pobre. https://t.co/M2owenagzS",https://twitter.com/Solanopo/status/1658577533430902785,Solano
2023-05-16 17:56:14+00:00,37,13,1,Si se universalizan los planes sociales se terminan los punteros. En un minuto te cuento porqu√© https://t.co/zkSNWRFIGM,https://twitter.com/Solanopo/status/1658577119931244549,Solano
2023-05-16 14:44:25+00:00,26,14,1,Es un ejemplo de lucha del SUTNA para todo el movimiento obrero. https://t.co/tQM89bjMZN,https://twitter.com/Solanopo/status/1658528845534748683,Solano
2023-05-16 12:51:43+00:00,72,27,25,Las medidas anunciadas por Massa no sirvieron para nada. El d√≥lar est√° casi a 500 pesos y la inflaci√≥n mensual se va a dos d√≠gitos.,https://twitter.com/Solanopo/status/1658500483768631296,Solano
2023-05-16 12:01:37+00:00,5,3,0,Desde el @PartidoObrero en el @FdeIzquierda con nuestros concejales vamos a presentar proyectos en el Concejo Deliberante y la Legislatura provincial para la creaci√≥n de centros de salud para recuperar a los pibes de las adicciones y por la urbanizaci√≥n del barrio,https://twitter.com/Solanopo/status/1658487876697587716,Solano
2023-05-16 12:01:36+00:00,39,20,2,"Visita al barrio de Las Antenas, en La Matanza. Los narcos quieren copar el barrio. Escuch√° los testimonios de quienes viven cotidianamente esta situaci√≥n https://t.co/gi0THsLk4r",https://twitter.com/Solanopo/status/1658487871991586817,Solano
2023-05-16 11:06:52+00:00,103,15,8,Lo mandar√≠a a @RAMIROMARRA a trabajar con asbesto con el riesgo de contraer c√°ncer.,https://twitter.com/Solanopo/status/1658474098316685315,Solano
2023-05-16 10:33:04+00:00,17,7,0,"La Izquierda tiene que ser independiente de este y todos los gobiernos fracasados

Sobre esto y otros temas estuve conversando con @rindart para @A24COM

https://t.co/JlLmCkTuHl",https://twitter.com/Solanopo/status/1658465589885632513,Solano
2023-05-15 18:17:40+00:00,7,3,0,"Recien estuve en @radionacionalAR en la Feria del Libro, charlando sobre mi nuevo libro Por qu√© fracas√≥ la democracia. Pueden escuchar la nota completa ac√°

https://t.co/h4E12Xv3j9",https://twitter.com/Solanopo/status/1658220124254396416,Solano
2023-05-15 16:21:39+00:00,10,6,0,"Los jubilados est√°n siendo estafados por el Estado

üì∫ @CronicaTV
https://t.co/PYtlNVkc7X",https://twitter.com/Solanopo/status/1658190928945766403,Solano
2023-05-15 14:14:17+00:00,109,42,19,"3 razones para no votar a Milei

üì∫ @ddd_ok https://t.co/3FRVZ4BfMW",https://twitter.com/Solanopo/status/1658158876712218649,Solano
2023-05-15 10:25:35+00:00,59,19,3,Comienza la Marcha Federal desde la Quiaca y llegar√° a la Ciudad de Buenos Aires el pr√≥ximo mi√©rcoles. Vamos contra el ajuste del gobierno y el FMI. https://t.co/sPt6p3fkwb,https://twitter.com/Solanopo/status/1658101321239519233,Solano
2023-05-15 09:10:07+00:00,49,14,3,Debemos apoyar a los trabajadores del subte porque sus reclamos son muy justos. Piden una soluci√≥n definitiva a la contaminaci√≥n con asbesto y el doble franco semanal.,https://twitter.com/Solanopo/status/1658082329758253056,Solano
