Fecha-Hora,Cantidad de Likes,Cantidad de retweets,Veces citado,Tweet,url,Candidato,Espacio
2023-05-26 15:45:37+00:00,109,34,1,"Salta: liberaron a docentes detenidos por el gobierno de S√°enz. ¬°Un triunfo de la movilizaci√≥n! https://t.co/DakzJllv7i 
Por Corresponsal Salta, v√≠a @izquierdadiario",https://twitter.com/NicolasdelCano/status/1662168124907454465,DelCa√±o,FIT
2023-05-25 20:27:55+00:00,173,103,3,"Libertad inmediata a las y los detenidos. Mientras la docencia salte√±a enfrenta la represi√≥n del gobierno de @GustavoSaenzOK, dirigentes sindicales como Yasky comparten palco en el acto de CFK con el ajustador Massa, aliado pol√≠tico del gobernador.",https://twitter.com/NicolasdelCano/status/1661876781194919938,DelCa√±o,FIT
2023-05-24 16:07:56+00:00,144,63,3,"¬°Basta de represi√≥n! El gobernador @GustavoSaenzOK , ( que Sergio Massa quiere postular para presidente) manda la polic√≠a a reprimir a las maestras salte√±as. 
¬°No a los salarios de hambre!
¬°Todo nuestro apoyo a las y los docentes autoconvocados!",https://twitter.com/NicolasdelCano/status/1661448967618539520,DelCa√±o,FIT
2023-05-23 11:24:07+00:00,132,61,7,Grave situaci√≥n de la Salud p√∫blica.  Todo nuestro apoyo a las y los trabajadores del Hospital del Ni√±o en La Matanza. Espinoza y el PJ gobiernan hace d√©cadas el municipio. Son los responsables de esta situaci√≥n que se agrava todos los a√±os. https://t.co/t8tQHhjERo,https://twitter.com/NicolasdelCano/status/1661015154174328834,DelCa√±o,FIT
2023-05-22 21:58:20+00:00,6,0,0,@NatuchaMorales @PTSarg @Fte_Izquierda @vilcalejandro @izquierdadiario üî•‚úäüèº,https://twitter.com/NicolasdelCano/status/1660812373819805696,DelCa√±o,FIT
2023-05-22 21:57:16+00:00,107,14,0,‚úäüèºüî•,https://twitter.com/NicolasdelCano/status/1660812101626261509,DelCa√±o,FIT
2023-05-28 21:41:11+00:00,1,0,0,@profe_pabloluna @horaciorlarreta Pretender internacionalizar la Defensa es un delirio.,https://twitter.com/VickyVillarruel/status/1662982383245705221,Villarruel,LLA
2023-05-28 21:30:17+00:00,354,76,2,"Es de inconscientes y de profunda ignorancia creer que no hay hip√≥tesis de conflicto. Nadie que pretenda ser Presidente puede desconocer la relevancia de la Defensa, porque sin Defensa no hay soberan√≠a. https://t.co/EqaiJIX6Gg",https://twitter.com/VickyVillarruel/status/1662979639914946563,Villarruel,LLA
2023-05-28 21:30:15+00:00,322,61,3,"Respecto de las hip√≥tesis de conflicto no son algo inminente y definido sino m√°s bien difuso y a largo plazo. Argentina tiene un reclamo territorial en Malvinas, siendo una naci√≥n occidental tenemos una base china en Neuqu√©n, problemas de incipiente separatismo en la Patagonia, recursos riqu√≠simos en hidrocarburos, una muy extensa plataforma continental, l√≠nea recta a la Ant√°rtida, etc‚Ä¶",https://twitter.com/VickyVillarruel/status/1662979633380302853,Villarruel,LLA
2023-05-28 21:30:14+00:00,251,45,0,"Tenemos el presupuesto m√°s bajo de la regi√≥n y de nuestra historia con 0.7% del PBI, con pol√≠ticos que subestiman la Defensa Nacional utilizando sus recursos como moneda de cambio en los gobiernos. No hay un Sistema integrado de Defensa Nacional y las FFAA sufren recortes presupuestarios constantes y falta de adiestramiento e insumos.",https://twitter.com/VickyVillarruel/status/1662979625646006274,Villarruel,LLA
2023-05-28 21:30:11+00:00,845,204,12,Viendo a Larreta opinar sobre Defensa uno nota q no conoce del tema. La Defensa permite garantizar los intereses vitales de un pa√≠s. Est√° definida en el art 2 de la ley 23554. Es una funci√≥n indelegable del Estado xq la presencia de las FFAA se basa en la existencia misma de ese Estado y no en un conflicto concreto. @JMilei,https://twitter.com/VickyVillarruel/status/1662979615881560076,Villarruel,LLA
2023-05-28 11:20:11+00:00,72,4,0,@DoniaTroll Verg√ºenza lo que han hecho desde hace a√±os con Manchal√°. Todos c√≥mplices.,https://twitter.com/VickyVillarruel/status/1662826105248571392,Villarruel,LLA
2023-05-28 10:43:46+00:00,2762,920,23,"Hoy recordamos Manchal√°, el combate q 10 soldados y suboficiales tuvieron contra 100 terroristas del ERP. Memoria de la guerra q nos ocultan. El homenaje no se hace en el Regimiento xq el Ministro de Indefensi√≥n Taiana (montonero) lo impidi√≥.  https://t.co/lR3ZK6Jql7",https://twitter.com/VickyVillarruel/status/1662816940627197953,Villarruel,LLA
2023-05-27 14:08:16+00:00,3329,1145,24,La verdadera historia de Wado de Pedro es muy diferente a lo que √©l cuenta en medios. Este es el candidato de CFK a la presidencia y como su jefa hace de la mentira un relato. Gracias por difundir!,https://twitter.com/VickyVillarruel/status/1662506016339107842,Villarruel,LLA
2023-05-25 16:38:22+00:00,4320,662,30,"Bueno, los hizo mojarse y no les dijo nada. Ahora si, pasemos a lo importante Feliz D√≠a de la Patria! https://t.co/99Dq2vBSec",https://twitter.com/VickyVillarruel/status/1661819015210102786,Villarruel,LLA
2023-05-25 16:28:18+00:00,3135,806,16,"Este es el gobierno de CFK. Es su fracaso, su presidente, su ministro de Econom√≠a. Que no se corra de la escena que esta miseria y atraso son SU responsabilidad. Mucha √©pica pero al momento de hacerse cargo responsabiliza a otros. El 25/5 es de todos y nada le debemos a su marido",https://twitter.com/VickyVillarruel/status/1661816481795940356,Villarruel,LLA
2023-05-25 12:07:55+00:00,2505,556,14,"¬°Feliz D√≠a de la Patria! Un aniversario m√°s que vemos lejano ante la miseria y falta de libertad a la que nos someten generaciones de pol√≠ticos‚Ä¶ Recuperemos el orgullo de ser argentinos y luchemos por ser libres de verdad! ¬°O√≠d Mortales, el grito sagrado, Libertad! @JMilei https://t.co/vwjp6hipf2",https://twitter.com/VickyVillarruel/status/1661750952880136193,Villarruel,LLA
2023-05-23 13:49:25+00:00,1012,103,1,@JMilei @eldipyok Felicitaciones Dipy!!! Muy contentos de tu incorporaci√≥n a La Libertad Avanza!!!,https://twitter.com/VickyVillarruel/status/1661051720930041858,Villarruel,LLA
2023-05-23 12:09:09+00:00,12001,2603,197,"Si sos polic√≠a y est√°s de civil te ten√©s q dejar robar. Si sos polic√≠a y est√°s de uniforme te ten√©s q dejar matar. De cualquier forma gana el delincuente. Esa es la doctrina zaffaroniana q nos dejan los K. La Polic√≠a tiene q contar con el apoyo del Estado, adiestramiento, equipamiento y capacitaci√≥n. As√≠ va a ser con nosotros @JMilei",https://twitter.com/VickyVillarruel/status/1661026488383320067,Villarruel,LLA
2023-05-22 10:05:01+00:00,1772,348,39,"Ayer en Comunidad de Negocios, con Jos√© Del R√≠o por LN+. ‚ÄúNuestro voto con @JMilei es para frenar la voracidad por la miseria y la corrupci√≥n que ostenta el kirchnerismo‚Äù. https://t.co/j34J6VIKww",https://twitter.com/VickyVillarruel/status/1660632860393451521,Villarruel,LLA
2023-05-21 23:55:25+00:00,1237,171,2,"@ABENEGASLYNCH_h Muchas gracias Profesor! Nos obligan a debatir sobre su interna mientras el pueblo argentino se debate entre la vida y la muerte, o entre el hambre y la dignidad!",https://twitter.com/VickyVillarruel/status/1660479448133558273,Villarruel,LLA
2023-05-28 21:38:22+00:00,295,48,19,"Enorme triunfo de @IdiazAyuso y el Partido Popular contra el populismo espa√±ol. En equipo, con esfuerzo y trabajo: se puede.",https://twitter.com/mariuvidal/status/1662981672470560768,Vidal,JxC
2023-05-25 11:14:29+00:00,3178,360,1087,"Como habr√°n visto, anoche sub√≠ mal un textual sobre lo que dije en LN+ el lunes a la noche.

Ojal√° seamos m√°s los pol√≠ticos que elegimos manejar nuestras cuentas, leer, y contestar. Qued√≥ claro que no soy la m√°s habilidosa con las redes, lo que todav√≠a no est√° claro es qu√© festeja el kirchnerismo hoy ¬øEl aumento de la inflaci√≥n? ¬øLa pobreza? ¬øEl d√≥lar?",https://twitter.com/mariuvidal/status/1661737505245532166,Vidal,JxC
2023-05-24 12:19:53+00:00,172,45,10,"Consecuencias de basar la pol√≠tica cambiaria en parches que solo consiguen aumentar la brecha del tipo de cambio y destruir la confianza de la gente en nuestra moneda. 

Kirchnerismo.",https://twitter.com/mariuvidal/status/1661391573815373825,Vidal,JxC
2023-05-23 21:21:28+00:00,2,0,1,"@VaLizaSoy Paros como el de hoy le complican la vida a cientos de miles de argentinos, porte√±os √≥ no. 

El pa√≠s es grande, pero el problema es innegable: los ciudadanos no pueden ser rehenes de ning√∫n gremio.",https://twitter.com/mariuvidal/status/1661165482991337472,Vidal,JxC
2023-05-23 21:20:13+00:00,1,0,0,@GriseSalinas ‚ù§Ô∏è,https://twitter.com/mariuvidal/status/1661165169173561345,Vidal,JxC
2023-05-23 19:11:28+00:00,575,148,29,"El kirchnerismo se resign√≥: ya no ofrecen ni futuro ni esperanza. Se dedican a atacar a la oposici√≥n e instalar miedo.

No van a alcanzar los manotazos de ahogado. Vamos a recuperar Argentina, en las urnas. https://t.co/alvjrVNbcu",https://twitter.com/mariuvidal/status/1661132765360734208,Vidal,JxC
2023-05-23 10:20:21+00:00,309,75,64,"Los argentinos me piden en la calle que ESTEMOS A LA ALTURA. 

Los que conf√≠an en Juntos por el Cambio nos quieren ver trabajando unidos, no acumulando cargos y poder como el kirchnerismo. https://t.co/RwhDTaHAq9",https://twitter.com/mariuvidal/status/1660999106922266625,Vidal,JxC
2023-05-22 23:05:04+00:00,832,147,25,Que nunca falten las an√©cdotas de @mauriciomacri en Boca‚Ä¶ üòÇ https://t.co/CMp94xK8A9,https://twitter.com/mariuvidal/status/1660829166986485770,Vidal,JxC
2023-05-22 18:29:01+00:00,62,13,1,"Pero el gobierno insiste en tomar medidas a corto plazo, que son irracionales y de ninguna manera resuelven los problemas macroecon√≥micos reales que tiene el pa√≠s. Una pol√≠tica monetaria exitosa debe ser consistente con la realidad. 

Un billete de $2.000, al cambio paralelo, hoy equivale a USD 4 d√≥lares. Con la inflaci√≥n y el atraso cambiario que tenemos, esta medida no es ni m√°s ni menos que una bomba de humo.",https://twitter.com/mariuvidal/status/1660759695882059776,Vidal,JxC
2023-05-22 18:29:00+00:00,70,19,7,"¬øSaben a cu√°nto equivalen esos USD 300 millones que se ahorrar√≠a el Estado? 

Con esa plata se podr√≠an construir, por ejemplo, m√°s de 100 escuelas nuevas. https://t.co/wYJ6XVl4q0",https://twitter.com/mariuvidal/status/1660759692845498368,Vidal,JxC
2023-05-22 18:28:59+00:00,52,13,0,"Si, en cambio, hoy tuvi√©ramos un billete de $20.000, Argentina se podr√≠a ahorrar m√°s de USD 300 millones. As√≠, podr√≠a recuperar los d√≥lares que el gobierno malgast√≥ entre 2020 y 2021. 

https://t.co/fqfOCg6htF",https://twitter.com/mariuvidal/status/1660759685387939841,Vidal,JxC
2023-05-22 18:28:58+00:00,41,11,0,"Con el billete de $2.000, el Estado apenas se ahorrar√≠a alrededor de USD 21 millones este a√±o. Muy lejos de compensar todo lo que gast√≥ en impresi√≥n de billetes en los √∫ltimos a√±os.",https://twitter.com/mariuvidal/status/1660759683588562950,Vidal,JxC
2023-05-22 18:28:58+00:00,55,10,0,"Entre 2020 y 2021, la pol√≠tica absurda de no imprimir billetes de mayor denominaci√≥n le cost√≥ al Estado argentino USD 180 millones. 

Fue tan alta la emisi√≥n de billetes de los √∫ltimos meses que hace algunas semanas la Casa de la Moneda tuvo que pedir importar billetes de Par√≠s y de Malta para dar abasto para la demanda de pesos del Banco Central.",https://twitter.com/mariuvidal/status/1660759680962928642,Vidal,JxC
2023-05-22 18:28:56+00:00,306,80,17,"UN BILLETE QUE NACE VIEJO

Hoy entr√≥ en circulaci√≥n el nuevo billete de $2.000. Con una inflaci√≥n de m√°s del 100%, ya hace tiempo que la baja denominaci√≥n de los billetes viene siendo un dolor de cabeza para los comerciantes, los empresarios y la gente en general. Adem√°s, es un gasto enorme de impresi√≥n de papel para el Estado. 

Pero, ¬øpor qu√© la noticia de hoy nace vieja?",https://twitter.com/mariuvidal/status/1660759673341968385,Vidal,JxC
2023-05-27 10:50:58+00:00,809,355,10,"#ResumenSemanal | Conoc√© el trabajo que llevamos adelante en la Provincia durante esta semana.

#ResumenBonaerense https://t.co/hfutspZvcW",https://twitter.com/Kicillofok/status/1662456362343727104,Kicillof,FdT
2023-05-26 13:39:20+00:00,2187,708,35,"Queremos que todos puedan estudiar en la localidad en la que nacieron, cerca de sus familias y con posibilidades de desarrollo profesional. 

üëâIngresando a https://t.co/RFgJUEP5Wj pueden conocer las ofertas universitarias que se abren en su municipio.

#DerechoALaEducaci√≥n",https://twitter.com/Kicillofok/status/1662136347912552457,Kicillof,FdT
2023-05-25 18:25:29+00:00,5056,1172,49,"""Yo soy del pueblo y de ah√≠ no me muevo"", @CFKArgentina.

Un d√≠a hist√≥rico en la Plaza de Mayo junto a compa√±eros y compa√±eras, recordando a N√©stor para pensar qu√© Argentina queremos üá¶üá∑üíô https://t.co/UCWw3SUmQq",https://twitter.com/Kicillofok/status/1661845971255320577,Kicillof,FdT
2023-05-25 13:25:38+00:00,1421,346,8,"üá¶üá∑ En un nuevo aniversario del #25DeMayo participamos del Te Deum en la Catedral de La Plata, junto a representantes de m√∫ltiples credos.

A 40 a√±os de la vuelta de la Democracia las palabras del Arzobispo V√≠ctor Fern√°ndez son fundamentales: celebremos felices su recuperaci√≥n y vayamos por m√°s a√±os de democracia que hagan nacer un pa√≠s nuevo, donde cada argentino y argentina tenga las mismas oportunidades.

¬°Viva la Patria!",https://twitter.com/Kicillofok/status/1661770512165371905,Kicillof,FdT
2023-05-25 10:06:38+00:00,5723,1547,110,"N√©stor nos ense√±√≥ que para que todos y todas tengan derecho a un futuro mejor debemos saber de d√≥nde venimos, hacia d√≥nde queremos ir y a d√≥nde no queremos volver.

¬°Gracias por mostrarnos que un pa√≠s m√°s justo es posible!

M√°s que nunca, #ImitemosElEjemplo üêßüíô https://t.co/fem9HMBdmX",https://twitter.com/Kicillofok/status/1661720430481211395,Kicillof,FdT
2023-05-25 09:10:00+00:00,1451,396,13,"En este nuevo aniversario de la Revoluci√≥n de Mayo renovamos nuestro compromiso de seguir construyendo una provincia m√°s justa, igualitaria y soberana.

¬°Feliz #D√≠aDeLaPatria! üá¶üá∑ https://t.co/3E1vOZcI7Q",https://twitter.com/Kicillofok/status/1661706176940376065,Kicillof,FdT
2023-05-23 19:10:26+00:00,255,104,0,"El automovilismo en la provincia es realmente una actividad que tiene una vitalidad y una llegada que lo convierte en uno de los deportes m√°s importantes tambi√©n en el terreno familiar y tur√≠stico.

Esta obra nos llena de orgullo porque est√° en el coraz√≥n de las y los argentinos. https://t.co/xlbJpLZGuh",https://twitter.com/Kicillofok/status/1661132506488352771,Kicillof,FdT
2023-05-23 19:10:25+00:00,266,100,1,"Las mejoras permitir√°n retomar las carreras nacionales, impulsar la actividad tur√≠stica y el desarrollo del distrito y la regi√≥n.

Queremos que este espacio emblem√°tico de las y los bonaerenses recobre su actividad y que puedan disfrutarlo todo el a√±o. https://t.co/QKzduTQyWu",https://twitter.com/Kicillofok/status/1661132503015383044,Kicillof,FdT
2023-05-23 19:10:24+00:00,960,387,12,"En nuestra √∫ltima visita a Balcarce nos comprometimos a realizar las obras necesarias para poner en valor el aut√≥dromo ""Juan Manuel Fangio"" y hoy estamos dando el primer paso.

Junto a @CostaAugusto9¬†y @alejosupplyok¬†firmamos un convenio con el municipio para reacondicionarlo. https://t.co/ATrwj71Dra",https://twitter.com/Kicillofok/status/1661132499215347714,Kicillof,FdT
2023-05-23 13:51:41+00:00,211,77,2,La mejora en infraestructura carcelaria es tambi√©n una pol√≠tica de seguridad. Asumimos con una grave crisis en el SPB y desde entonces estamos llevando adelante una transformaci√≥n estructural para garantizar el #DerechoALaProtecci√≥n¬†de los bonaerenses. https://t.co/GBnaHgYhlN,https://twitter.com/Kicillofok/status/1661052291779002371,Kicillof,FdT
2023-05-23 13:51:41+00:00,235,86,3,"De esta manera sumamos 312 plazas de detenci√≥n transitoria que permiten evitar el alojamiento en comisar√≠as, para que la Polic√≠a pueda abocarse a la protecci√≥n de las y los bonaerenses en la v√≠a p√∫blica. https://t.co/OFvnvEpZGZ",https://twitter.com/Kicillofok/status/1661052288692109321,Kicillof,FdT
2023-05-23 13:51:40+00:00,737,283,12,"Avanza la segunda etapa del Plan de Infraestructura Penitenciaria ‚û°Ô∏è

Con una inversi√≥n que apunta a seguir fortaleciendo la seguridad ciudadana, inauguramos la nueva Alcaid√≠a Departamental de #LomasDeZamora, junto a @minsaurralde, @Julio_Alak y Paula Montero. https://t.co/l6yNIoQO1U",https://twitter.com/Kicillofok/status/1661052286141972500,Kicillof,FdT
2023-05-23 11:48:29+00:00,2338,813,63,"¬°M√°s de 50 mil pibes y pibas ya tienen sus compus de Conectar Igualdad Bonaerense! üíª

Recuperamos una pol√≠tica fundamental para que todos los chicos de la provincia puedan partir del mismo lugar y construir su futuro con esfuerzo, pero sobre todo con las mismas oportunidades.

Estudiar, conectarse y disfrutar es un derecho ‚ù§Ô∏è 

#DERECHOalFUTURO",https://twitter.com/Kicillofok/status/1661021285491830785,Kicillof,FdT
2023-05-22 19:04:15+00:00,271,97,1,Nuestros barrios tienen necesidades imperiosas y el Estado no se puede desentender. Es un orgullo haber convertido el proceso de reurbanizaci√≥n en una pol√≠tica de gobierno con el Organismo Provincial de Integraci√≥n Social y Urbana que estaba inutilizado y lo pusimos a funcionar.,https://twitter.com/Kicillofok/status/1660768561629888513,Kicillof,FdT
2023-05-22 19:04:14+00:00,315,116,3,"A trav√©s de @OpisuPba¬†construiremos 146 viviendas y dos polos educativos, obras de agua, cloacas y pavimentaci√≥n, centros comunitarios y la puesta en valor de espacios p√∫blicos.

Un trabajo posible gracias al compromiso de intendentes y empresarios para concretar estas obras. https://t.co/k38Bx5HuMc",https://twitter.com/Kicillofok/status/1660768558157103104,Kicillof,FdT
2023-05-22 19:04:13+00:00,1188,452,17,"¬°M√°s obras, m√°s oportunidades para construir el #DERECHOalFUTURO! üößüë∑

Firmamos convenios para impulsar 11 proyectos de urbanizaci√≥n y desarrollo integral en #Ensenada, #LaMatanza, #Berazategui, #Jos√©CPaz, #Lan√∫s y #SanVicente. https://t.co/5hFtttezjQ",https://twitter.com/Kicillofok/status/1660768555208437761,Kicillof,FdT
2023-05-28 18:07:16+00:00,355,82,7,"Esta es una mala decisi√≥n que tampoco la puede tomar un gobierno que se va como el de A. Fern√°ndez. ENARSA ser√° la primera empresa del Estado que cerrar√© si soy elegido Presidente. Una fuente de corrupcion y de negociados incalculable.
https://t.co/HuIbWESxX0",https://twitter.com/jlespert/status/1662928550893178882,Espert,LLA
2023-05-28 13:00:38+00:00,243,10,22,"En el D√≠a de la Hamburguesa, les comparto cuando me transform√© en Hulk probando salsas picantes üòÇüå∂Ô∏èüçî ¬°Buen domingo para todos!

üé• https://t.co/v3O1qlEc5m https://t.co/jAmNE1h4XA",https://twitter.com/jlespert/status/1662851382120988674,Espert,LLA
2023-05-28 12:11:28+00:00,1253,345,98,"La Iglesia insiste con la cultura del odio, el resentimiento contra el que tiene, ensalzando la supuesta virtud de ser pobre y miserable. Triste papel de la Iglesia en vez de evangelizar diciendo lo bueno de estudiar, trabajar y competir como lo muestran las sociedades pr√≥speras. https://t.co/6kjBS4hN4b",https://twitter.com/jlespert/status/1662839011151314945,Espert,LLA
2023-05-28 09:00:00+00:00,47,11,0,Hoy a las 22:30 hs. estar√© con @josedel_rio en #ComunidadDeNegocios por @lanacionmas https://t.co/0VosAq4Ea0,https://twitter.com/jlespert/status/1662790824323870720,Espert,LLA
2023-05-28 00:30:39+00:00,169,24,7,"""Sabemos hacerlo"", el spot presidencial de Jos√© Luis Espert - 27/05/2023 - https://t.co/NaFG6PsWKl https://t.co/27DEx5IG5O",https://twitter.com/jlespert/status/1662662642119454720,Espert,LLA
2023-05-27 18:32:15+00:00,12,2,0,"Comparto mi participaci√≥n de hoy en #ContactoDigital con @alejandroalfie y @grmadryn por @Rivadavia630

üéôÔ∏èNota Completa ‚§µÔ∏è
https://t.co/Yb4OnTTGzS",https://twitter.com/jlespert/status/1662572449391681537,Espert,LLA
2023-05-27 18:32:14+00:00,218,51,0,"Es incre√≠ble que en Argentina tengamos dirigentes sindicales que no quieran cambiar las leyes laborales, cuando las leyes laborales que tenemos son, en parte, responsables de que la mitad de los trabajadores argentinos trabajen en negro sin ning√∫n derecho. https://t.co/My5MRYuXNw",https://twitter.com/jlespert/status/1662572443746066433,Espert,LLA
2023-05-27 12:04:37+00:00,81,23,2,"SABEMOS HACERLO üí™üèª

#ESPERT2023
#LALIBERTADESESPERT https://t.co/psNhsLzFc1",https://twitter.com/jlespert/status/1662474895383470082,Espert,LLA
2023-05-26 20:20:15+00:00,396,57,7,"Sustituir importaciones es, tambi√©n, sustituir exportaciones. O sea que sustituir importaciones, reduce nuestro comercio con el mundo, el crecimiento del empleo y los salarios de los trabajadores. Se sabe que es as√≠ desde hace 87 a√±os (1936) gracias a la ""Simetr√≠a de Lerner"". Pero nosotros a la ciencia y a la realidad solo le damos bola si se ajusta al RELATO. As√≠ nos va.",https://twitter.com/jlespert/status/1662237239558979586,Espert,LLA
2023-05-26 19:54:40+00:00,13,1,0,"Comparto mi participaci√≥n de hoy en #HolaChiche con Chiche Gelblung por @RadioDelPlata

üéôÔ∏èNota Completa‚§µÔ∏è
https://t.co/382zjFQGvc",https://twitter.com/jlespert/status/1662230802287980544,Espert,LLA
2023-05-26 19:54:39+00:00,178,52,2,Cristina nos rob√≥ lo que hab√≠amos ahorrado en las AFJP. https://t.co/ET8f20P8p6,https://twitter.com/jlespert/status/1662230797728772099,Espert,LLA
2023-05-26 18:04:12+00:00,362,80,2,El kirchnerismo es una plaga que nos lleva a la miseria absoluta #KirchnerismoNuncaMas,https://twitter.com/jlespert/status/1662203003057602564,Espert,LLA
2023-05-26 16:58:22+00:00,188,36,1,"Obvio, hay que seguir choreando, no?. El pueblo? la gente? que se siga cagando de hambre.",https://twitter.com/jlespert/status/1662186432205602820,Espert,LLA
2023-05-26 14:41:40+00:00,8,1,0,"Comparto mi participaci√≥n de hoy en #HoyPorHoy con @jcdelmissier por @RadioMitreStaFe

üéôÔ∏èNota Completa ‚§µÔ∏è
https://t.co/Bdq4ZrDH0k",https://twitter.com/jlespert/status/1662152033174953985,Espert,LLA
2023-05-26 14:34:56+00:00,110,25,1,"El kirchnerismo tiene como proyecto perseguir el hambre, la miseria y la marginalidad en la Argentina, para que todos terminemos viviendo de un plan social.
Espero que la gente se despierte.
#KirchnerismoNuncaM√°s https://t.co/dHyq0aXmtr",https://twitter.com/jlespert/status/1662150337937932302,Espert,LLA
2023-05-26 09:35:33+00:00,258,38,2,"Contra esos subversivos, es estado de sitio en la zona y luego con la gendarmer√≠a es c√°rcel o bala.",https://twitter.com/jlespert/status/1662074993897865218,Espert,LLA
2023-05-26 09:12:56+00:00,243,36,7,"ACOMPA√ëAME A LOGRAR EL PA√çS QUE NOS MERECEMOS üí™üèª 

SUMATE ‚¨áÔ∏è
https://t.co/2F9DjFbDTp",https://twitter.com/jlespert/status/1662069301983993856,Espert,LLA
2023-05-25 19:28:24+00:00,921,141,9,"La victimaria de un pueblo hambreado, haci√©ndose la v√≠ctima. M√°s falso, no se consigue.",https://twitter.com/jlespert/status/1661861804341882881,Espert,LLA
2023-05-25 19:20:25+00:00,365,59,3,"Es cierto, pero no es ning√∫n dem√©rito. EEUU es dependiente de su capacidad de invenci√≥n en tecnolog√≠a, China de su enorme ej√©rcito de mano de obra por tener una poblaci√≥n gigante. Lo que hay que hacer es USAR inteligentemente esa dependencia en vez de combatirla con el veneno de la sustituci√≥n de importaciones como ac√°.",https://twitter.com/jlespert/status/1661859796004265984,Espert,LLA
2023-05-25 16:18:01+00:00,1837,269,41,Que ignorante supina que es Cristina en econom√≠a. Que manera de decir estupideces.,https://twitter.com/jlespert/status/1661813891767173122,Espert,LLA
2023-05-25 16:17:03+00:00,12,1,0,"Comparto mi participaci√≥n de hoy en #MMD con @maximmontenegro por @A24COM

üî¥ Nota Completa
https://t.co/bCuleIfZi7",https://twitter.com/jlespert/status/1661813649764220955,Espert,LLA
2023-05-25 16:04:33+00:00,3092,438,27,"Cristina dice que hay que desenganchar la econom√≠a argentina de los precios internacionales de nuestros commodities y para ello se necesita de una ""articulaci√≥n entre lo p√∫blico y lo privado"". Eso es lo que el kirchnerismo hace desde 2003 y no paramos de romper r√©cords de inflaci√≥n y pobreza. Boludeces...como acaba de decir ella.",https://twitter.com/jlespert/status/1661810502610157598,Espert,LLA
2023-05-25 15:56:25+00:00,463,82,3,"El kirchnerismo ha degenerado y desvirtuado todo. Hasta la celebraci√≥n del 25 de Mayo de todos los argentinos, convirti√©ndolo en un acto partidario, de mit√≠n de cuarta. https://t.co/XlHlpOGDi7",https://twitter.com/jlespert/status/1661808456012103714,Espert,LLA
2023-05-25 13:48:42+00:00,312,60,5,"üìù Les comparto link de la nota ‚§µÔ∏è
https://t.co/vLvcpYrqqY",https://twitter.com/jlespert/status/1661776314045542408,Espert,LLA
2023-05-25 10:00:00+00:00,19,3,0,Hoy a las 14:00 hs. estar√© con @maximmontenegro en #MMD por @A24COM https://t.co/8OSYWJPB1i,https://twitter.com/jlespert/status/1661718761248890882,Espert,LLA
2023-05-25 09:50:18+00:00,548,39,33,Feliz #25DeMayo para todos üá¶üá∑ https://t.co/vneeaEQne3,https://twitter.com/jlespert/status/1661716321581580288,Espert,LLA
2023-05-25 08:21:17+00:00,698,134,8,"Lo peor que le pas√≥ a la Argentina desde la democracia. Comand√≥ una banda de psic√≥patas chorros cuyo objetivo (casi logrado) fue hacernos pobres y miserables para que dependi√©ramos de un plan social del Estado y as√≠ esclavizarnos, quit√°ndonos toda libertad. LaKras.",https://twitter.com/jlespert/status/1661693919023726594,Espert,LLA
2023-05-24 22:40:14+00:00,26,5,2,Econom√≠a y CAMBIO CLIMATICO en la Universidad m√°s ganadora del Nobel de Econom√≠a y con seminario coordinado por un Nobel de Econom√≠a.,https://twitter.com/jlespert/status/1661547692399394816,Espert,LLA
2023-05-24 22:11:15+00:00,13,1,0,"Comparto mi participaci√≥n de hoy en #TNCentral con @mariomassaccesi por @todonoticias

üî¥ Nota Completa ‚§µÔ∏è
https://t.co/0Pob0KzVAY",https://twitter.com/jlespert/status/1661540398592868355,Espert,LLA
2023-05-24 21:45:50+00:00,112,12,7,"Argentina tiene un gran futuro, ese futuro es liberal y ya comenz√≥ üá¶üá∑ü™Ω

#ESPERT2023
#LALIBERTADESESPERT https://t.co/OPnIBVeFCY",https://twitter.com/jlespert/status/1661534002103173121,Espert,LLA
2023-05-24 21:21:23+00:00,459,54,2,Al pol√≠cia que pone orden frente a un delincuente hay que bancarlo. https://t.co/mIeNYbjj8N,https://twitter.com/jlespert/status/1661527848526524416,Espert,LLA
2023-05-24 18:44:22+00:00,282,31,56,"Un placer charlar con vos, tu equipo @Maxiferraro @metchecoin y @LuisGreenOK de #AvanzaLibertad Argentina necesita m√°s Constituci√≥n, m√°s instituciones, m√°s Estado de Derecho, m√°s Alberdi, m√°s libertad, m√°s competencia, m√°s seguridad...y muchas reformas estructurales m√°s. Hablamos de todo eso y mucho m√°s.",https://twitter.com/jlespert/status/1661488335028666370,Espert,LLA
2023-05-24 16:23:23+00:00,54,12,2,Gracias @marinoclara y @RotaryClubBA por invitarme a presentar ‚Äú¬øC√≥mo lograr el desarrollo del pa√≠s que nos merecemos?‚Äùüôåüèª Siempre es un placer visitarlos. https://t.co/4BbHqWFzK7,https://twitter.com/jlespert/status/1661452854987554816,Espert,LLA
2023-05-24 11:44:10+00:00,35,9,0,Hoy a las 19:15 hs. estar√© con @mariomassaccesi en #TNCentral por @todonoticias https://t.co/gQkKRgWiWy,https://twitter.com/jlespert/status/1661382585635725312,Espert,LLA
2023-05-24 10:17:33+00:00,9,3,0,"Comparto mi participaci√≥n de hoy en #Vilouta910 con
@pviloutaoficial por @radiolared

üéôÔ∏èNota Completa‚§µÔ∏è
https://t.co/Dy2xISlvYC",https://twitter.com/jlespert/status/1661360790044135424,Espert,LLA
2023-05-24 10:16:59+00:00,294,74,2,"El kirchnerismo nos meti√≥ en la locura de que ahora los delincuentes hacen lo que quieren en la calle y nosotros, los inocentes, tras las rejas. Hay que aplicar la ley, al delincuente es C√ÅRCEL o BALA. https://t.co/ka57r4AshI",https://twitter.com/jlespert/status/1661360645328064512,Espert,LLA
2023-05-24 09:12:59+00:00,42,13,0,Nos vemos hoy en @RotaryClubBA üí™üèª https://t.co/BzSRTxvuiu,https://twitter.com/jlespert/status/1661344539074781184,Espert,LLA
2023-05-24 00:45:42+00:00,19,3,0,"Comparto mi participaci√≥n de esta noche en #M√°sNaci√≥n con @majulluis y @PRossiOficial por @lanacionmas 

üî¥Nota Completa
https://t.co/sLcoj3PX28",https://twitter.com/jlespert/status/1661216880164581376,Espert,LLA
2023-05-23 23:57:34+00:00,141,33,2,La lucha contra la inseguridad es una decisi√≥n pol√≠tica. https://t.co/wdUVM1DBhr,https://twitter.com/jlespert/status/1661204766096076800,Espert,LLA
2023-05-23 22:19:01+00:00,561,69,6,"Ya lo dijo el fiscal ""exceso de leg√≠tima defensa"". Afuera, libre. Con los delincuentes es c√°rcel o bala. O sea, aplicar la ley. Bien por el poli.",https://twitter.com/jlespert/status/1661179966548000771,Espert,LLA
2023-05-23 20:14:14+00:00,51,20,1,"‚ÄúLa Argentina Deseada‚Äù en Bah√≠a Blanca üá¶üá∑üí™üèª #ESPERT2023 #LALIBERTADESESPERT 

@KarinaGarciaOK @rodriguezvaleok @AvanzaLibertad_ @AvanzaBahia @luisrosalesARG @LuisGreenOK @diegohhormazaba @carorastalsky1 https://t.co/5goahXWLGl",https://twitter.com/jlespert/status/1661148562242273280,Espert,LLA
2023-05-23 16:22:16+00:00,423,111,3,"Gente que vive hace rato de un plan social y por lo tanto no aporta nada para una jubilaci√≥n, ahora les ser√° m√°s f√°cil jubilarse. Por cosas como √©sta, personas que hicieron el esfuerzo de aportar al ANSES toda su vida, hoy cobran jubilaciones miserables. Pa√≠s injusto.",https://twitter.com/jlespert/status/1661090187328274440,Espert,LLA
2023-05-23 12:51:56+00:00,561,60,26,"ACOMPA√ëAME A LOGRAR EL PA√çS QUE NOS MERECEMOS üí™üèª 

https://t.co/cu69RklLfg https://t.co/ZfMYDWiFec",https://twitter.com/jlespert/status/1661037253978730506,Espert,LLA
2023-05-23 12:43:09+00:00,27,4,1,A estudiar se ha dicho! Directo de un crack de la @ChicagoBooth el gran @JohnHCochrane https://t.co/nPf5KuZpnB,https://twitter.com/jlespert/status/1661035044213870592,Espert,LLA
2023-05-23 09:27:47+00:00,55,15,0,"GRACIAS BAH√çA BLANCA üôåüèª

Excelente trabajo de nuestra concejal @rodriguezvaleok y nuestra referente @KarinaGarciaOK üí™üèª 

#ESPERT2023 #LALIBERTADESESPERT https://t.co/O7KcY5CS9U",https://twitter.com/jlespert/status/1660985878854918144,Espert,LLA
2023-05-23 09:22:07+00:00,283,57,5,Una verg√ºenza.,https://twitter.com/jlespert/status/1660984450073722880,Espert,LLA
2023-05-23 09:07:35+00:00,40,12,0,Hoy a las 21:00 hs. estar√© con @majulluis y @PRossiOficial en #M√°sNaci√≥n por @lanacionmas https://t.co/BSC0LJOEvy,https://twitter.com/jlespert/status/1660980793697501187,Espert,LLA
2023-05-22 10:08:25+00:00,204,43,2,"HOLA BAH√çA BLANCAüëãüèª 

Los espero a las 19 hs. en la Biblioteca Rivadavia (Auditorio Luis C. Caronti). 

Entradas sin cargo ‚¨áÔ∏è
https://t.co/G7UIspyONN https://t.co/OJADEHLMlB",https://twitter.com/jlespert/status/1660633713376370690,Espert,LLA
2023-05-22 09:56:14+00:00,25,1,1,Tal cual.,https://twitter.com/jlespert/status/1660630649630326785,Espert,LLA
2023-05-28 22:56:28+00:00,11,1,0,@CarlosGuazzora https://t.co/ifkdyRlQsI,https://twitter.com/RAMIROMARRA/status/1663001327742382080,Marra,LLA
2023-05-28 22:50:11+00:00,40,4,0,@CarlosGuazzora https://t.co/YgHIkXrUkd,https://twitter.com/RAMIROMARRA/status/1662999745453780995,Marra,LLA
2023-05-28 21:23:45+00:00,850,227,13,"GUAZZORA ES UN IDIOTA QUE EL KIRCHNERISMO USO Y USA PARA OPERETAS BERRETAS.

A un tipo asi no lo quieren ni los K en una lista. 

Fin del comunicado.",https://twitter.com/RAMIROMARRA/status/1662977994435051520,Marra,LLA
2023-05-28 21:05:18+00:00,152,25,1,"VAMOS A STREAMEAR UN RATO...

üìÉ SIGUEN LOS ANUNCIOS üö®¬øQuien se suma equipo de Milei?  

https://t.co/b1IqAMSFFS",https://twitter.com/RAMIROMARRA/status/1662973352539979776,Marra,LLA
2023-05-28 19:31:19+00:00,140,5,0,@barbiedirocco ¬øTiene los conocimientos y pr√°cticas necesarias para manejar de forma adecuada y segura el avi√≥n? Es lo √∫nico que importa.,https://twitter.com/RAMIROMARRA/status/1662949702785028099,Marra,LLA
2023-05-28 19:06:50+00:00,237,60,2,"NO SOMOS SUIZA

El candidato a Jefe de Gobierno de Larreta y del radicalismo conto sus prioridades para la Ciudad.

No importa que te afanen y que te corten la calle los piqueteros. La prioridad es el cambio climatico y el cuidado del ambienteü§ê https://t.co/0JZhIQ1sSC",https://twitter.com/RAMIROMARRA/status/1662943541314695174,Marra,LLA
2023-05-28 18:21:01+00:00,1370,307,10,"Pero @horaciorlarreta, vos recorr√≠as la Villa 20 agarrado de la mano con Juan Grabois y ahora que se acercan las elecciones te queres vender como su opositor, sos terrible panqueque ü•û https://t.co/N0mRkFunM4",https://twitter.com/RAMIROMARRA/status/1662932010065600512,Marra,LLA
2023-05-26 20:26:42+00:00,6,0,0,"@NachoAbuchdid @CohenArgentina @bullmarketbrok @GrupoIEB Eras un gran forista!! 

te gustaba el quilombo en el foro de Rava, hasta los fines de semana debatias",https://twitter.com/RAMIROMARRA/status/1662238861748056064,Marra,LLA
2023-05-26 20:21:26+00:00,163,21,0,"STREAMING EN VIVO A PARTIR DE LAS 21:00 hs

üö®NUEVAS ENCUESTAS EXCLUSIVAS üö® 

https://t.co/x4jA3KY4Dy",https://twitter.com/RAMIROMARRA/status/1662237538201882625,Marra,LLA
2023-05-26 17:53:25+00:00,1633,254,16,"No quiero discutir si esta bien o mal qur el piloto del nuevo avion presidencial haya hecho una maniobra temeraria.

Quiero discutir qur no era el momento de comprar un avion.

25 palos verdes mientras la gente se muere de hambre.",https://twitter.com/RAMIROMARRA/status/1662200288231538690,Marra,LLA
2023-05-25 16:33:55+00:00,4886,806,40,"¬øGASTARON TANTA PLATA EN UN ACTO PARA NO ANUNCIAR NADA?

Ah claro, son kirchneristas y se financian con la nuestra y no saben medir costo/beneficio",https://twitter.com/RAMIROMARRA/status/1661817892822720512,Marra,LLA
2023-05-24 21:53:41+00:00,6,1,0,@lucassmelga @leandroriviello Me gusta la idea ü§î,https://twitter.com/RAMIROMARRA/status/1661535976299155458,Marra,LLA
2023-05-24 16:02:19+00:00,441,102,0,"Hace m√°s de 35 a√±os que Gildo Insfran vive del Estado y en ese tiempo Formosa se convirti√≥ en la provincia m√°s pobres del pa√≠s. Literalmente destruyeron Formosa.
 
¬øC√≥mo puede ser que hablen de futuro con este corrupto al frente? Es una falta de respeto para los formose√±os.",https://twitter.com/RAMIROMARRA/status/1661447551873175559,Marra,LLA
2023-05-24 15:44:43+00:00,648,93,10,La promotora de Nestor Kirchner en 2003 quiere ahora postularse nuevamente para presidente. No me sorprender√≠a que termine apoyando al Kirchnerismo de nuevo. https://t.co/IJVnvpZene,https://twitter.com/RAMIROMARRA/status/1661443125615755291,Marra,LLA
2023-05-24 15:43:33+00:00,260,6,3,@horaciorlarreta N,https://twitter.com/RAMIROMARRA/status/1661442831968268288,Marra,LLA
2023-05-24 14:49:56+00:00,837,163,4,"Miralo vos a @diegobranca, haci√©ndose el picante en tv, falt√°ndole el respeto a su compa√±era y ri√©ndose de todos nosotros y el uso que el Kirchnerismo hace de nuestro dinero.

Y pensar que fundi√≥ el super que abri√≥ por la crisis que gener√≥ este gobierno ü§°
https://t.co/kRg0xF20tU",https://twitter.com/RAMIROMARRA/status/1661429337768304642,Marra,LLA
2023-05-24 14:30:27+00:00,713,107,3,Larreta en cada entrevista. https://t.co/krISK3eQe3,https://twitter.com/RAMIROMARRA/status/1661424432647110680,Marra,LLA
2023-05-24 14:21:34+00:00,281,62,1,El mundo conf√≠a m√°s en un pa√≠s en guerra (contra un pa√≠s potencia) que en Argentina. Confirmado que el Kirchnerismo es un virus que destruye por completo un pa√≠s. https://t.co/pcksEtW6n1,https://twitter.com/RAMIROMARRA/status/1661422199050313728,Marra,LLA
2023-05-24 14:09:42+00:00,215,23,0,¬øEN SERIO DE ESTA MANERA QUIEREN HACER BAJAR EL DOLAR?,https://twitter.com/RAMIROMARRA/status/1661419210415788033,Marra,LLA
2023-05-24 14:03:22+00:00,705,107,4,"NO A LA CAMPA√ëA SUCIA

Me parece que le hackearon la cuenta a Larreta y lo estan tratando de dejar como un tipo que pregunta boludeces en vez de sacar a los piqueteros y encerrar a los chorros.

Devuelvanle la cuenta",https://twitter.com/RAMIROMARRA/status/1661417619616854017,Marra,LLA
2023-05-24 13:00:51+00:00,933,166,11,"La confirmacion de la incorporacion de dos grandes economistas como  @carod2015 y @roquebfernande1 a @LLibertadAvanza habla del profesionalismo con el que estamos trabajando en el proyecto de pais que vamos a llevar adelante junto a @JMilei 

Seguimos avanzando",https://twitter.com/RAMIROMARRA/status/1661401885461422083,Marra,LLA
2023-05-24 10:25:26+00:00,1997,412,30,"¬øPERO CU√ÅL ES EL PLAN HORACIO?
Mientras @JMilei sale todos los d√≠as en TV (y hasta escribi√≥ un libro) contando paso por paso como se implementar√°n las medidas pol√≠ticas que proponemos, Horacio Larreta solo dice ""tenemos un plan"". Que vende humo que es ü§°
https://t.co/LmJh4qZWLZ",https://twitter.com/RAMIROMARRA/status/1661362773131943936,Marra,LLA
2023-05-24 09:27:05+00:00,353,81,4,"Toda de Juntos por el Cambio, le jodieron la vida a millones de personas y, a pesar de haberlo prometido en campa√±as, ni se calientan en derogar esta ley que no sirve para nada.

¬øSupuestamente son ellos quienes van a cambiar el pa√≠s? Que risa me dan ü§° https://t.co/IwIJ6P3TJN",https://twitter.com/RAMIROMARRA/status/1661348089666445313,Marra,LLA
2023-05-23 17:09:41+00:00,812,127,14,"Lo odian, pero lo van a hacer presidente üá¶üá∑
 https://t.co/xLO11QDScJ",https://twitter.com/RAMIROMARRA/status/1661102118315458562,Marra,LLA
2023-05-23 14:25:31+00:00,152,46,1,"Los responsables de esto hoy son candidatos pol√≠ticos de nuevo. Tanto el Kirchnerismo como Juntos por el Cambio, los dos frentes reventaron nuestra econom√≠a y nos hundieron en la pobreza.

Es imposible un futuro mejor si repetimos los mismos errores, merecemos un pa√≠s mejor. https://t.co/jdL9Y6MMg3",https://twitter.com/RAMIROMARRA/status/1661060805071192088,Marra,LLA
2023-05-23 12:47:46+00:00,43,10,0,https://t.co/ldGMxWoUXt,https://twitter.com/RAMIROMARRA/status/1661036203330752514,Marra,LLA
2023-05-23 12:38:59+00:00,5191,516,432,"BIENVENIDO @eldipypapaok 

Nuestro candidato a Intendente en La Matanza!! 

@JMilei @LLibertadAvanza",https://twitter.com/RAMIROMARRA/status/1661033994664673281,Marra,LLA
2023-05-23 12:34:42+00:00,200,39,0,"Las consecuencias de la inseguridad son evidentes en PBA y el Kirchnerismo no se hace responsable. No podemos seguir viviendo con el miedo a que nos roben, nos maten o terminemos presos por defendernos.

Las calles hoy est√°n tomadas por los delincuentes, hay que cambiar eso.",https://twitter.com/RAMIROMARRA/status/1661032914954452995,Marra,LLA
2023-05-23 11:52:57+00:00,359,45,2,"Difiero, no tengo dudas de que los votantes del liberalismo son los m√°s informados sobre las pol√≠ticas que se buscar√°n implementar.

De nuestro lado, informamos constantemente el plan de gobierno y las medidas estructurales a tomar. Los dem√°s frentes pol√≠ticos no dicen nada.",https://twitter.com/RAMIROMARRA/status/1661022410865545218,Marra,LLA
2023-05-23 11:25:17+00:00,2363,430,23,"Estudien, trabajen, ganen su propio dinero, desarr√≥llense, disfruten del fruto de su esfuerzo. No le hagan caso a estos comunistas que son una m√°quina de generar pobreza. https://t.co/f5Vx6yyCYE",https://twitter.com/RAMIROMARRA/status/1661015448127938565,Marra,LLA
2023-05-23 09:44:53+00:00,54,0,0,"@RosNoMeLlamoAsi Si, esa cantidad de a√±os es si te la patinas mal.",https://twitter.com/RAMIROMARRA/status/1660990179975282688,Marra,LLA
2023-05-23 09:41:43+00:00,1801,133,38,"Argentina est√° tan devaluada que si venis con ‚Ç¨100.000 al pa√≠s, podes vivir TRANQUILO 3 a√±os o m√°s, sin hacer absolutamente NADA M√ÅS que gastar tu plata.

Ahora, si ganas en pesos, sos esclavo de tu trabajo y la econom√≠a del pa√≠s. https://t.co/ehUu2T7mco",https://twitter.com/RAMIROMARRA/status/1660989383376355328,Marra,LLA
2023-05-23 08:47:24+00:00,145,39,0,"Excelente trabajo üëèüèª

Para fines de 2023, ya no va a valer nada el peso argentino ¬øvamos a seguir devaluando nuestra moneda y dejando que nuestra trabajo pierda valor o vamos a optar por una mejor soluci√≥n?",https://twitter.com/RAMIROMARRA/status/1660975716488314880,Marra,LLA
2023-05-23 08:39:22+00:00,227,20,0,"Pitu, que no te estafen mas, estos tipos trajeron mas pobreza. Fracasaron.

Se nota que sos buen pibe, no te quemes defendiendo a esta banda de delincuentes.",https://twitter.com/RAMIROMARRA/status/1660973693185433603,Marra,LLA
2023-05-23 07:59:43+00:00,127,0,0,Buen martes para todos ‚òïÔ∏èüíØ,https://twitter.com/RAMIROMARRA/status/1660963714504310784,Marra,LLA
2023-05-22 22:06:05+00:00,1429,127,23,REAFIRMO LO DICHO EN @CronicaTV https://t.co/aYUCoNKUfz,https://twitter.com/RAMIROMARRA/status/1660814320907980800,Marra,LLA
2023-05-22 18:57:39+00:00,405,32,1,"Alguien me puede ayudar con cambiar la palabra cuidar por encerrar en esta foto? 

Twitter es servicio https://t.co/RTKlNF1FAa",https://twitter.com/RAMIROMARRA/status/1660766901125931010,Marra,LLA
2023-05-22 15:17:05+00:00,187,63,2,"Esto es tremendo, hoy en el pa√≠s hay ciudades con m√°s de 60% de pobreza infantil y otras con m√°s de 15% de indigencia en menores de 14 a√±os.

Es imposible proyectar un pa√≠s mejor si 6 de cada 10 ni√±os son pobres. A esto nos llevaron d√©cadas de populismo. https://t.co/eCcWvg9FW5",https://twitter.com/RAMIROMARRA/status/1660711395757793297,Marra,LLA
2023-05-22 14:11:18+00:00,1220,197,18,Alberto prefiere decir que le enviaron una maldici√≥n a aceptar que su gobierno es un fracaso total y que ning√∫no de su gabinete sirve para nada. Estamos frente al fin del Kirchnerismo. https://t.co/a4jAZF9vhL,https://twitter.com/RAMIROMARRA/status/1660694837601943566,Marra,LLA
2023-05-22 13:14:14+00:00,1256,184,11,Con el nuevo billete de $2.000 te podes comprar 2 paquetes de lays y te sobra para unos caramelos. Completamente detonados. https://t.co/eS5QiqX5vx,https://twitter.com/RAMIROMARRA/status/1660680476409966595,Marra,LLA
2023-05-22 12:36:33+00:00,786,109,9,"Este billete no tiene sentido, compras 3 cosas en el s√∫per y ya no te alcanza. Nuestra moneda est√° reventada, m√≠nimo necesitamos un billete de $10.000. https://t.co/jQ4854ziOq",https://twitter.com/RAMIROMARRA/status/1660670992383918083,Marra,LLA
2023-05-22 11:36:24+00:00,299,89,2,"M√°s de 23 millones de personas, sobre un total de +46 millones de habitantes, aun no tienen acceso a alguno de los servicios p√∫blicos de red. Que caro pagamos la mentira de la ‚Äújusticia social‚Äù, a los pol√≠ticos solo les importa ayudar cuando est√°n en campa√±a para sacarse la foto. https://t.co/jOlQ9I3V8I",https://twitter.com/RAMIROMARRA/status/1660655855312797696,Marra,LLA
2023-05-22 10:32:11+00:00,12,1,0,@nsotelolar @tobillosdepapel Es el dise√±o para un hippie con Osde,https://twitter.com/RAMIROMARRA/status/1660639697662627840,Marra,LLA
2023-05-22 10:21:23+00:00,489,63,3,"¬øSE ACUERDAN DEL PLAN PLATITA?

Bueno, hoy se lanza el PLAN TARJETITA

Cualquier cosa van a hacer para no quedar terceros.",https://twitter.com/RAMIROMARRA/status/1660636979812265984,Marra,LLA
2023-05-22 10:09:22+00:00,2169,375,24,"En ese momento, Kicillof literalmente no supo que decir üá¶üá∑
 https://t.co/iI9NVx8MVS",https://twitter.com/RAMIROMARRA/status/1660633955157127169,Marra,LLA
2023-05-22 07:34:36+00:00,196,8,1,Buen lunes para todos ‚òïÔ∏èüíØ,https://twitter.com/RAMIROMARRA/status/1660595007470878721,Marra,LLA
2023-05-28 19:06:59+00:00,5229,1337,74,Felicitaciones al Partido Popular y en particular a @IdiazAyuso por el rotundo triunfo contra el populismo. Viva la libertad.,https://twitter.com/PatoBullrich/status/1662943578769838081,Bullrich,JxC
2023-05-27 21:05:32+00:00,6432,3598,124,"Quiero denunciar algo que est√° ocurriendo y es criminal para la Argentina: hoy, el Banco Central a cargo de Miguel Pesce est√° volviendo a vender d√≥lar futuro. Est√°n generando una hiperinflaci√≥n a futuro.

#M√°sNoticiasS√°bado @hugomakiavelico https://t.co/YKh68tzVjk",https://twitter.com/PatoBullrich/status/1662611023658983432,Bullrich,JxC
2023-05-27 19:57:05+00:00,2313,801,34,"""Tenemos la decisi√≥n de un cambio profundo. Vamos a devolverle el orden a la provincia de Buenos Aires, empezando por la seguridad"".

Recorrimos Merlo con @Nestorgrindetti junto a @JavierJiguacel y acompa√±ados por @AldanaAhumada y @PabloMCocuzza. Seguimos sumando fuerzas para un cambio de verdad.",https://twitter.com/PatoBullrich/status/1662593796658405376,Bullrich,JxC
2023-05-26 11:00:27+00:00,5462,1675,124,"100 intendentes, diputados y dirigentes radicales de C√≥rdoba se suman a La Fuerza del Cambio. Es un honor para m√≠ recibir el apoyo a mi precandidatura de la Junta Promotora Radical Patricia Presidente. Agradezco a cada uno de sus dirigentes por el acompa√±amiento:

C√©sar Abdala (exintendente de Laboulaye), @OscarAguadCBA (exministro de Defensa de la Naci√≥n), @jorgearce80 (candidato a legislador en Ischil√≠n), Luis Azar (intendente de Tanti), @orlando_belli (intendente de Agua de Oro), @Bianchini2023 (intendente electo de Hernando), Teresa Blengino (San Francisco), @fernando_brasca (intendente de R√≠o Primero y candidato a legislador provincial en R√≠o Primero), Oscar Bribraguer (secretario de Turismo de Salsacate), Julio Cama√±o (candidato a legislador de R√≠o Seco), Marisa Carrillo (legisladora provincial), @MSoleCarrizo (diputada nacional), @damiancastro063 (El Manzano), Mario Centuri√≥n (intendente de Sit√≥n), Gerardo Cerutti (intendente de Colonia Marina), @CarlosACiprian (intendente de Sinsacate), @mauri_cravero (exintendente de Arroyito y candidato a la reelecci√≥n), @GACrucianelli (exlegislador de R√≠o Primero), @rubendagum (intendente de Almafuerte), Fernando Dellacheca (candidato a intendente de Corralito), @edsonfranco23 (Dalmacio V√©lez), @FBFL_ok (secretario de Obras P√∫blicas de Pilar), @ceci_garay66 (candidata a intendente de Totoral), N√©stor Gasca (presidente de la Juventud Radical de Col√≥n), @VeroGazzoni (intendente de Montecristo), Daniel Isoardi (intendente de Ca√±ada de Machado), Edgar Larrea (presidente de la UCR del departamento de Punilla), Ezequiel Lemos (candidato a intendente de R√≠o Ceballos), Lucas Lerda (intendente de Sebasti√°n Elcano), Juan Ludue√±a (Ca√±ada de R√≠o Pinto), @Hugo_Madonna (exintendente de San Francisco), Marcela (San Francisco del Cha√±ar), Mar√≠a Jos√© (Villa de Soto), Ricardo Mart√≠n (intendente de Serrazuela), V√≠ctor Molina (intendente de Ca√±ada de Luque), Fernando Montoya (ex diputado nacional), @LeoMorer (candidato a legislador por Santa Mar√≠a), @GonzaaMui42 (presidente de la Juventud Radical de Ischil√≠n), Mat√≠as Peralta (Colonia Caroya), @LuisPicat (intendente de Jes√∫s Mar√≠a), Renato Raschetti (candidato a intendente de Cruz del Eje), Javier Riberi (Intendente de Jovita), Antonio Benigno Rins (exintendente de R√≠o Cuarto y actual legislador provincial), Aldo Riva (secretario general de Empleados Legislativos), Luis Romero (presidente de la Asociaci√≥n de Empleados P√∫blicos Radicales), Raquel Romero (exconcejal de C√≥rdoba Capital), Luis Salinas (concejal de Carrilobo), @NormaSa44069427 (presidenta de la Seccional 3 de UCR Capital), Gladys Sp√≠ndola (candidata a legisladora provincial de Sobremonte), @ArielaSzpanin (candidata a legisladora provincial), @PabloNTobares (presidente de la Juventud Radical de Punilla), Eduardo Toledo (exconcejal de C√≥rdoba Capital), Agust√≠n Torres (expresidente de la Juventud Radical), @LucasGValiente (intendente de Luque y candidato a legislador provincial), @Pablo_Villalon (candidato a intendente de Laguna Larga), Marta Viramonte (San Francisco) y @GerardoZuin (intendente de Justiniano Posse).",https://twitter.com/PatoBullrich/status/1662096362249285638,Bullrich,JxC
2023-05-25 16:33:52+00:00,11526,3367,367,"Lo que comenzaron hace 20 a√±os termina as√≠: con un pa√≠s ruinoso, pobre, descapitalizado, inculto. Mejor que hablar es mirarles la cara a los argentinos, que lloran todos los d√≠as. 

Nosotros vamos a poner las cosas en su lugar, de una vez y para siempre.",https://twitter.com/PatoBullrich/status/1661817880030203904,Bullrich,JxC
2023-05-25 14:55:32+00:00,4298,1374,65,"En su d√≠a, trabajamos para la grandeza de la Patria. Nada ni nadie nos sacar√° de este proposito: Argentina grande con argentinos pr√≥speros.
üëÜ

Ning√∫n ego√≠smo personal puede apartarnos de ese camino, porque la Patria somos todos.

Desde la querida localidad de San Miguel, junto a @delatorrej y @jaimemendezh, compartimos la ma√±ana del 25 de Mayo junto a cientos de bonaerenses. üá¶üá∑",https://twitter.com/PatoBullrich/status/1661793134068596746,Bullrich,JxC
2023-05-24 12:07:02+00:00,2818,1172,36,"Al kirchnerismo solo le interesa el campo argentino para saquearlo y financiar su proyecto populista. Ahora: cuando el campo necesita la asistencia del Estado, se hacen los desentendidos. T√≠pico de esos ""socios solo en las buenas"". https://t.co/rcYPIwBfOh",https://twitter.com/PatoBullrich/status/1661388339960766473,Bullrich,JxC
2023-05-24 11:06:52+00:00,1532,524,20,"‚ÄúLos argentinos estamos con una angustia muy profunda‚Äù.

En Avellaneda me acerqu√© junto a @sebavinagre a escuchar a madres que sufren la inseguridad. Debemos ser firmes: tratar al delincuente como victimario y a quienes son asaltados como v√≠ctimas. https://t.co/4y9ajYQZ7u",https://twitter.com/PatoBullrich/status/1661373201513869319,Bullrich,JxC
2023-05-23 22:16:24+00:00,2013,723,21,"Tenemos un proyecto de orden para la provincia de Buenos Aires, que est√° triste y devastada. En Lan√∫s estuvimos con @Nestorgrindetti, nuestro precandidato a gobernador. √âl tiene la fuerza para el cambio profundo que piden los bonaerenses. https://t.co/1gDGHBjqIh",https://twitter.com/PatoBullrich/status/1661179306586914817,Bullrich,JxC
2023-05-23 20:57:55+00:00,1979,744,22,"‚ÄúEn Lan√∫s demostraron que las armas no letales son fundamentales para cuidar a la ciudadan√≠a y, sobre todo, para cuidar a quienes nos cuidan‚Äù.

Junto a @rlopezmurphy, acompa√±amos a @Nestorgrindetti y a @diegokravetz en el reconocimiento al cuerpo de Seguridad Ciudadana y PRI (Patrulla de Respuesta Inmediata) de Lan√∫s, la primer fuerza policial de la Argentina en utilizar de manera exitosa este tipo de armas.",https://twitter.com/PatoBullrich/status/1661159555433201664,Bullrich,JxC
2023-05-23 17:46:55+00:00,11069,2029,157,"Liberaron al polic√≠a que mat√≥ al delincuente que le rob√≥ la moto tras atacarlo a √©l y a su novia, en Moreno.
Desde el primer momento estuvimos a su lado, apoyando a quienes nos defienden.",https://twitter.com/PatoBullrich/status/1661111490689089536,Bullrich,JxC
2023-05-23 11:06:01+00:00,25169,4757,913,"El polic√≠a actu√≥ infraganti delito. Sin embargo, hoy est√° detenido. Si hubiera sido al rev√©s, el motochorro estar√≠a libre.
La Polic√≠a debe tener el respaldo necesario para poder cumplir su rol: cuidar a la ciudadan√≠a. https://t.co/PkbuCygVhT",https://twitter.com/PatoBullrich/status/1661010599189577743,Bullrich,JxC
2023-05-23 07:59:12+00:00,4099,1444,105,"ROSARIO: TOMADA POR LOS NARCOS
Cuando sea presidente voy a entrar con todas las fuerzas policiales y las fuerzas armadas, para no permitir que sigan dominando a la poblaci√≥n y anulando las instituciones.
Vamos a pasar de un pa√≠s inviable a uno en donde la vida diaria se realice con orden. Y ser√° con mano firme, para que los chicos puedan estudiar.",https://twitter.com/PatoBullrich/status/1660963583491014657,Bullrich,JxC
2023-05-22 15:11:33+00:00,8785,2468,148,"Presidente Fern√°ndez, si hoy fuese el √∫ltimo d√≠a de su gobierno, el resultado de su gesti√≥n ser√≠a: la tercera inflaci√≥n m√°s alta del mundo; 6 de cada 10 chicos viviendo en la pobreza; jubilados que perdieron m√°s del 30 % de sus ingresos reales y reservas negativas. 

No se ocupe de m√≠. Ded√≠quese a gobernar el tiempo que le queda en vez de atacar.",https://twitter.com/PatoBullrich/status/1660710000539344909,Bullrich,JxC
2023-05-22 11:16:57+00:00,1260,455,23,"""Vamos a salir con decisiones que no podemos dar marcha atr√°s, de las que no nos podemos arrepentir. No tenemos miedo: vamos a animarnos"".

Comparto la entrevista completa con Jorge @Fontevecchia para #PeriodismoPuro, en @CanalNetAr. üëá
https://t.co/v44LnMtAv3",https://twitter.com/PatoBullrich/status/1660650961747034114,Bullrich,JxC
2023-05-28 19:11:20+00:00,9,2,0,Hoy üìª,https://twitter.com/myriambregman/status/1662944671956455425,Bregman,FIT
2023-05-28 18:35:39+00:00,50,7,3,"Comparto üß≥
Myriam Bregman visitar√° Rosario y anunciar√° su f√≥rmula con Nicol√°s del Ca√±o https://t.co/TnvwayoL4s",https://twitter.com/myriambregman/status/1662935693822230532,Bregman,FIT
2023-05-28 16:03:46+00:00,5,0,0,"@FloraAlkorta Camarada, adelante üí™",https://twitter.com/myriambregman/status/1662897469309558785,Bregman,FIT
2023-05-28 14:40:31+00:00,9,2,0,Gracias Andrea.,https://twitter.com/myriambregman/status/1662876520858124291,Bregman,FIT
2023-05-28 14:35:10+00:00,19,5,0,C√©sar Robles ¬°Presente!,https://twitter.com/myriambregman/status/1662875170439045125,Bregman,FIT
2023-05-28 14:34:35+00:00,73,8,3,Nos vemos en Rosario ‚ò∫Ô∏è,https://twitter.com/myriambregman/status/1662875026650013698,Bregman,FIT
2023-05-28 09:56:39+00:00,900,85,33,"Comparto ‚úäüíö
Myriam Bregman ser√° precandida presidencial y habr√° PASO en el Frente de Izquierda
https://t.co/wRkIyGY6gw",https://twitter.com/myriambregman/status/1662805082218409984,Bregman,FIT
2023-05-26 15:51:51+00:00,53,12,1,"Salta: liberaron a docentes detenidos por el gobierno de S√°enz https://t.co/bdlp244eko 
Por Corresponsal Salta, v√≠a @izquierdadiario",https://twitter.com/myriambregman/status/1662169694457954307,Bregman,FIT
2023-05-26 15:14:43+00:00,63,30,0,"Represi√≥n en Salta| Graves denuncias contra el operativo represivo de S√°enz y la jueza Zunino https://t.co/MbbH6KxAgO 
Por Corresponsal Salta, v√≠a @izquierdadiario",https://twitter.com/myriambregman/status/1662160350551080965,Bregman,FIT
2023-05-26 12:53:36+00:00,46,22,0,"Represi√≥n en Salta. | Docentes se concentran en Ciudad Judicial exigiendo la libertad de los 19 detenidos https://t.co/TW0Jhp9KQa 
Por Florencia Gasparini, v√≠a @izquierdadiario",https://twitter.com/myriambregman/status/1662124836406153218,Bregman,FIT
2023-05-25 21:29:24+00:00,21,4,0,Algunos de los debates de la semana üéôÔ∏è,https://twitter.com/myriambregman/status/1661892254225580033,Bregman,FIT
2023-05-25 21:28:15+00:00,1,0,0,@agustin_comas Igual,https://twitter.com/myriambregman/status/1661891962872516609,Bregman,FIT
2023-05-25 19:17:25+00:00,224,126,0,De nuevo represi√≥n a los y las docentes en Salta. Hay que difundir.,https://twitter.com/myriambregman/status/1661859038416584704,Bregman,FIT
2023-05-25 14:14:54+00:00,1,0,0,@daniela__fr @andreadatri gracias!,https://twitter.com/myriambregman/status/1661782906962948113,Bregman,FIT
2023-05-25 13:21:41+00:00,34,6,0,"CABA. | M√°s de doscientos docentes, familias, secundarios y terciarios de la 9 de abril con Myriam Bregman  https://t.co/gC9cKA1abb 
Por Corriente Docente-Estudiantil 9 de Abril, v√≠a @izquierdadiario",https://twitter.com/myriambregman/status/1661769514197962753,Bregman,FIT
2023-05-25 11:02:38+00:00,94,26,0,"RecomiendoüìùAlgunas ideas que empezamos a esbozar para un debate profundo. Necesitamos que se discuta una verdadera agenda de las mujeres. 
Propuestas para un debate sobre el trabajo de cuidados https://t.co/jJONMjpGTD
Por @andreadatri y @myriambregman",https://twitter.com/myriambregman/status/1661734522101334021,Bregman,FIT
2023-05-25 10:58:33+00:00,24,13,0,"Coca Cola C√≥rdoba: la empresa responde con despidos al pedido de los obreros https://t.co/iVrAaBTS1P 
Por Javier Musso, v√≠a @izquierdadiario",https://twitter.com/myriambregman/status/1661733494798815234,Bregman,FIT
2023-05-24 22:03:14+00:00,46,14,2,"Comparto üì∫, estuvimos con @LuanaSimioni en Diario El D√≠a @eldialp
En VIDEO. ""Ning√∫n salario puede ser menor a la inflaci√≥n"".  https://t.co/W6Q9T1MQIb",https://twitter.com/myriambregman/status/1661538379933143040,Bregman,FIT
2023-05-24 18:51:19+00:00,1,1,0,@JuliLaso Espero,https://twitter.com/myriambregman/status/1661490081859813381,Bregman,FIT
2023-05-24 18:50:53+00:00,22,1,1,"Con Alejandrina Barry exigimos respuestas sobre la crisis de atenci√≥n en los hospitales pedi√°tricos porte√±os https://t.co/Vr4YBX7P7k, v√≠a @izquierdadiario",https://twitter.com/myriambregman/status/1661489973646819329,Bregman,FIT
2023-05-24 18:49:55+00:00,3,1,0,@JuliLaso ¬øCon Vicentico? üòç,https://twitter.com/myriambregman/status/1661489732570824704,Bregman,FIT
2023-05-24 18:29:03+00:00,16,2,0,"Estuve en @A24COM 
""La agenda pol√≠tica se corri√≥ a la derecha"", Myriam Bregman en #ElNotici... https://t.co/bX1QGllSKH a trav√©s de @YouTube",https://twitter.com/myriambregman/status/1661484477733015553,Bregman,FIT
2023-05-24 18:14:05+00:00,40,3,0,"Asamblea PTS CABA:  ""Que est√©n Myriam, Nico y Vilca en el Congreso es como que estemos nosotros"". 
¬°Nos emocionan, compa√±eros! üòä‚úä
 https://t.co/WyKVpsqrv4, v√≠a @izquierdadiario",https://twitter.com/myriambregman/status/1661480712237883392,Bregman,FIT
2023-05-24 17:32:59+00:00,88,17,0,"Estuve en la radio de la  Universidad Nacional de La Matanza üìª
https://t.co/RR1SU7IYIJ",https://twitter.com/myriambregman/status/1661470369382039552,Bregman,FIT
2023-05-24 16:08:55+00:00,35,7,0,#Ahora muchos heridos por las balas de goma que dispara la polic√≠a en Salta.,https://twitter.com/myriambregman/status/1661449213660610560,Bregman,FIT
2023-05-24 16:06:10+00:00,93,40,1,¬°Represi√≥n a docentes en Salta!,https://twitter.com/myriambregman/status/1661448520673443840,Bregman,FIT
2023-05-24 15:54:22+00:00,36,10,0,"Comparto üì∫
Desiguales @TV_Publica
Bregman: ‚ÄúMilei fue construido para que no llegue el cuestionamiento al poder econ√≥mico‚Äù https://t.co/tE1VWorfYk",https://twitter.com/myriambregman/status/1661445553052418076,Bregman,FIT
2023-05-24 12:42:41+00:00,1,0,0,@viviana_vila @221radio @NicolasdelCano Gracias Viviana üíö,https://twitter.com/myriambregman/status/1661397315674951683,Bregman,FIT
2023-05-23 17:18:33+00:00,29,6,0,Otra pelea en curso. No hay periodista que no diga que se tuvo que buscar otro trabajo.,https://twitter.com/myriambregman/status/1661104351299923973,Bregman,FIT
2023-05-23 17:17:13+00:00,27,4,0,"Buen momento para recordar esto...
‚ÄúLa cita‚Äù | Rodolfo Walsh por Myriam Bregman https://t.co/wAhPmlcisI",https://twitter.com/myriambregman/status/1661104012513476610,Bregman,FIT
2023-05-23 17:15:07+00:00,27,7,0,"Lof Lafken Winkul Mapu. | Parlamento en Bariloche por la libertad de las presas pol√≠ticas Mapuche https://t.co/mTfPJYBkyG, v√≠a @izquierdadiario",https://twitter.com/myriambregman/status/1661103485155155983,Bregman,FIT
2023-05-23 17:12:18+00:00,49,7,2,"Las luchas recorren el pa√≠s porque las consecuencias del ajuste y los bajos salarios no se aguantan m√°s. 
Las patronales ganan como nunca. Todos los estudios muestran que ampliaron su tajada.  
De qu√© escuchas m√°s: ¬øde los trabajadores empobrecidos o de los ""pobres empresarios""?",https://twitter.com/myriambregman/status/1661102777106309124,Bregman,FIT
2023-05-23 17:06:09+00:00,154,42,1,"Hoy en CABA se realiza una nueva jornada de paros escalonados en el subte. Reclaman algo tan elemental como no enfermar y morir en el trabajo. Exigen la reducci√≥n de la jornada laboral con la inclusi√≥n de un franco y la desasbetizaci√≥n de formaciones, talleres y estaciones.",https://twitter.com/myriambregman/status/1661101227533295619,Bregman,FIT
2023-05-23 17:00:07+00:00,64,25,0,"Un enfermero del Hospital de Ni√±os de La Matanza nos dice ‚Äúhace 5 a√±os que denunciamos el vaciamiento que realizan los gobiernos‚Äù. Se encuentran en estado de asamblea permanente, realizan acciones y exigen presupuesto urgente. 
La realidad de la que no se habla.",https://twitter.com/myriambregman/status/1661099710914895895,Bregman,FIT
2023-05-23 16:54:13+00:00,14,4,0,"Neuqu√©n. | Accidentes laborales: otro r√©cord silencioso de Vaca Muerta https://t.co/cvpxFNkXWG 
Por Esteban Martine, v√≠a @izquierdadiario",https://twitter.com/myriambregman/status/1661098224428392464,Bregman,FIT
2023-05-23 16:52:36+00:00,8,1,0,"En 2017 se firm√≥ una adenda flexibilizadora del CCT que increment√≥ los riesgos al reducir dotaciones, aumentar la tolerancia para trabajar con vientos de hasta 60km/h, implementar la polifuncionalidad y las tareas simult√°neas, entre otras cosas. Estos son los resultados: muertes",https://twitter.com/myriambregman/status/1661097818268872705,Bregman,FIT
2023-05-23 16:48:15+00:00,72,17,0,"Detr√°s del r√©cord de producci√≥n de petr√≥leo y gas en Vaca Muerta, hay ritmos y jornadas de trabajo desenfrenadas que produjeron que en 2022 se registre un r√©cord de accidentes. 
Seg√∫n datos de la SRT durante 2022 se registraron 1033 accidentes de trabajo. Las vaquitas son ajenas.",https://twitter.com/myriambregman/status/1661096723391938560,Bregman,FIT
2023-05-23 16:42:09+00:00,113,37,2,"En C√≥rdoba la f√°brica Coca Cola est√° de paro en reclamo de aumento salarial. La multinacional que no para de aumentar los precios y tiene ganancias extraordinarias, rechaza el reclamo de los trabajadores de un aumento de sueldo que permita estar por encima de la inflaci√≥n. https://t.co/tH50ncCS5H",https://twitter.com/myriambregman/status/1661095189069307932,Bregman,FIT
2023-05-23 16:37:02+00:00,17,3,0,"Estuvieron presentes muchas mujeres contratistas, quienes son invisibilizadas por un convenio que no reconoce su trabajo, cuando hacen las mismas tareas que los varones, dej√°ndolas sin un sueldo formal y sin la posibilidad de acceder a una jubilaci√≥n ¬°Lucharemos por sus derechos! https://t.co/V4UB2zq6Pv",https://twitter.com/myriambregman/status/1661093902764351504,Bregman,FIT
2023-05-23 16:32:36+00:00,79,13,0,"Hoy en Mendoza trabajadorxs contratistas de vi√±a realizaron cortes de ruta. Reclaman un aumento del 120% para que la mensualidad alcance los $10.000 por hect√°rea trabajada. 
Los grandes bodegueros facturan millones, pero una familia contratista hoy cobra menos de $50.000 por mes.",https://twitter.com/myriambregman/status/1661092784680386565,Bregman,FIT
2023-05-23 16:29:14+00:00,12,4,0,"Recomiendo.  
Oro blanco: el precio del az√∫car est√° por las nubes, pero los salarios siguen por debajo de la pobreza https://t.co/g8YkO4BVUY 
Por Emiliano Trodler, v√≠a @izquierdadiario",https://twitter.com/myriambregman/status/1661091938328559620,Bregman,FIT
2023-05-23 16:28:30+00:00,50,11,0,"El  costo laboral sobre ventas viene retrocediendo a√±o a a√±o, ubic√°ndose en el 12,2% en promedio para el a√±o 2021. En 2016 representaba el 18,9%. 
Eso es una enorme transferencia de ingresos de la  clase trabajadora a los empresarios.",https://twitter.com/myriambregman/status/1661091755234566144,Bregman,FIT
2023-05-23 16:28:30+00:00,227,41,3,"Al rev√©s de lo que dicen los candidatos de los partidos patronales, los salarios y cargas sociales representan un costo cada vez m√°s bajo para las empresas, aumentando la brecha entre ganancias empresarias y salarios.",https://twitter.com/myriambregman/status/1661091753208758287,Bregman,FIT
2023-05-23 16:23:10+00:00,118,13,3,Hoy los trabajadores de ingenios compran con su salario casi la mitad de los bienes que compraban en 2016. Una transferencia brutal de ingresos al bolsillo de los capitalistas.,https://twitter.com/myriambregman/status/1661090411845173262,Bregman,FIT
2023-05-23 16:21:37+00:00,1753,357,42,"Cuando escuches llorar a los empresarios, ten√© en cuenta que, por ejemplo, el salario real de los trabajadores azucareros cay√≥ un 40% en los √∫ltimos 8 a√±os. En ese per√≠odo, el precio de la bolsa de az√∫car creci√≥ 324% por encima de la inflaci√≥n promedio.",https://twitter.com/myriambregman/status/1661090020550164501,Bregman,FIT
2023-05-23 16:18:58+00:00,0,0,0,@rindart Felicitaciones!!,https://twitter.com/myriambregman/status/1661089356348571656,Bregman,FIT
2023-05-23 12:56:25+00:00,35,5,2,"Comparto üìö
Mario Wainfeld: ‚ÄúContanos que ten√©s que ver vos con la salida del Manifiesto Comunista, Myriam Bregman‚Äù https://t.co/je4o1SpdYR 
Por Ediciones IPS , v√≠a @izquierdadiario",https://twitter.com/myriambregman/status/1661038382540103680,Bregman,FIT
2023-05-23 12:49:42+00:00,43,14,0,"Ni√±ez y Salud. | Efectos del ajuste: grave situaci√≥n de la atenci√≥n pedi√°trica en hospitales p√∫blicos de PBA y CABA https://t.co/nwMF7NIKxI, v√≠a @izquierdadiario",https://twitter.com/myriambregman/status/1661036690981412864,Bregman,FIT
2023-05-23 08:52:57+00:00,26,6,1,"#Mendoza Tras la controversia por el √≠tem aula, el FIT denunci√≥ al intendente de Rivadavia ante el Inadi - MDZ Online https://t.co/9wcTzICuKh",https://twitter.com/myriambregman/status/1660977112151465988,Bregman,FIT
2023-05-22 13:39:34+00:00,36,6,0,"#Mendoza El maestro y precandidato a Gobernador Lautaro Jim√©nez denunci√≥ a Miguel Ronco ante el INADI  - 
MinutoYA https://t.co/SQfZsH3Qv0",https://twitter.com/myriambregman/status/1660686854516006914,Bregman,FIT
2023-05-22 13:14:16+00:00,77,16,0,"Mil personas en la inauguraci√≥n de ""Rebeli√≥n"" en La Plata.
Bregman y Del Ca√±o en La Plata: ""Al mal menor hay que combatirlo, la salida es por izquierda"" https://t.co/z02qLq6X1L a trav√©s de @laizqdiariomx",https://twitter.com/myriambregman/status/1660680488070139904,Bregman,FIT
2023-05-22 13:07:02+00:00,47,11,0,"Intensa actividad pol√≠tica. | El PTS-FITU de Argentina realiz√≥ asambleas abiertas y se encamina hacia su Conferencia Electoral https://t.co/HX3ILpNb7a, v√≠a @izquierdadiario",https://twitter.com/myriambregman/status/1660678664831352832,Bregman,FIT
2023-05-22 12:59:24+00:00,41,10,0,"Convocatoria abierta #Jujuy: Vilca y el Frente de Izquierda dicen ‚Äúno a la reforma constitucional de Morales‚Äù y exige paro provincial https://t.co/aFSJGQQD1D, v√≠a @izquierdadiario",https://twitter.com/myriambregman/status/1660676745379414016,Bregman,FIT
2023-05-22 11:01:53+00:00,23,5,1,Atenci√≥n,https://twitter.com/myriambregman/status/1660647170729451528,Bregman,FIT
2023-05-21 21:13:25+00:00,1,0,0,@Lulamaravilla Idem,https://twitter.com/myriambregman/status/1660438681604304897,Bregman,FIT
2023-05-28 21:55:09+00:00,424,37,8,Coordinaditos el chancho que miente y el mulo de gato que le da de comer; ma√±ana les contesto.,https://twitter.com/JuanGrabois/status/1662985898542104577,Grabois,FdT
2023-05-26 22:07:33+00:00,1253,109,15,"¬øC√≥mo no vamos a debatir c√≥mo salir del laberinto? En Argentina se est√°n cruzando l√≠neas rojas en lo socioecon√≥mico y en lo institucional. Frente al peligro de la deshumanizaci√≥n, firmeza en los principios e imaginaci√≥n pol√≠tica. 
Intercambio con @ManesF en @elCCKirchner https://t.co/FrPD0OtAs4",https://twitter.com/JuanGrabois/status/1662264243125735424,Grabois,FdT
2023-05-26 17:53:03+00:00,4268,641,121,"Una generaci√≥n, un proyecto, una Argentina Humana.
Hoy se cumple un a√±o que comenzamos a caminar con @wadodecorrido la construcci√≥n del plan quinquenal de Desarrollo Integral para una Argentina Humana y Federal. https://t.co/rQfTsAv48L",https://twitter.com/JuanGrabois/status/1662200194832769026,Grabois,FdT
2023-05-26 15:42:51+00:00,3608,1126,150,"Como Jorge Bergoglio, el Obispo de la Plata Tucho acompa√±ando a los cartoneros y diciendo verdades sin medir las consecuencias mundanas y la indignaci√≥n farisea. https://t.co/9wehAnSedA",https://twitter.com/JuanGrabois/status/1662167429827395608,Grabois,FdT
2023-05-24 20:12:00+00:00,1753,351,74,Ma√±ana desde el @FtePatriaGrande convocamos junto a los primos de @la_campora y otras organizaciones pol√≠ticas a concentrar a partir de las 12hs en Diagonal Sur y Bolivar para acompa√±ar a @CFKArgentina.,https://twitter.com/JuanGrabois/status/1661510387315998720,Grabois,FdT
2023-05-24 18:06:16+00:00,292,33,4,"Recorriendo Tigre, tierra de contrastes. Gracias al intendente @ZamoraJulio por no aflojar; a @Federugo del @MovimientoEvita  por el compromiso inclaudicable, a los laburantes de la salud del Hospital de Pacheco por su trabajo revolucionario y a toda la compa√±erada por bancar. https://t.co/UvQ6i53P2x",https://twitter.com/JuanGrabois/status/1661478746283741186,Grabois,FdT
2023-05-22 16:40:44+00:00,3002,588,61,"Cuando la deshumanizaci√≥n se naturaliza, la sociedad corre peligro. Tal vez los privilegiados no est√°n preparados para entender que en una Argentina Humana todos somos iguales. La respuesta de @wadodecorrido: https://t.co/4PqdReA317",https://twitter.com/JuanGrabois/status/1660732443173814272,Grabois,FdT
2023-05-28 21:57:44+00:00,348,231,6,"¬°La transformaci√≥n va llegando a cada rinc√≥n de C√≥rdoba! Felicitaciones Germ√°n Martini, Ezequiel Moiso, Nanci Foresto, Javier Girardi, Pablo Vigui√©, Mario Centuri√≥n, Guillermo Ristorto y Osvaldo Estrada, intendentes y jefes comunales electos de Las Acequias, Coronel Moldes, Alcira Gigena, Las Vertientes, Chucul, Capilla de Sit√≥n, Pampayasta Sud y Villa Sarmiento.
Junto a todos los cordobeses vamos a hacer el cambio de nuestras vidas üá¶üá∑",https://twitter.com/horaciorlarreta/status/1662986549967958017,Larreta,JxC
2023-05-28 18:40:11+00:00,544,385,61,¬°Felicitaciones @IdiazAyuso y @AlmeidaPP_ por la victoria en las elecciones regionales y municipales de hoy! Los espa√±oles ratificaron la opci√≥n por la libertad y el progreso. Pr√≥ximo objetivo @NunezFeijoo y el Partido Popular en las elecciones generales de diciembre.,https://twitter.com/horaciorlarreta/status/1662936831200055298,Larreta,JxC
2023-05-27 17:30:31+00:00,806,541,97,"BASTA DE PISARLE LA CABEZA AL CAMPO

No es muy complicado. El agro quiere reglas claras y que lo dejen tranquilo haciendo lo que mejor saben hacer: producir, innovar y generar trabajo y crecimiento. Yo lo tengo claro y cuando sea presidente me voy a ocupar de que puedan trabajar tranquilos. El maltrato de este gobierno se termina el 10 de diciembre.",https://twitter.com/horaciorlarreta/status/1662556913886810114,Larreta,JxC
2023-05-27 16:59:25+00:00,606,438,8,"Hoy inici√≥ el 51¬∞ viaje de instrucci√≥n la Fragata ARA Libertad, el buque escuela que representa con honor a nuestro pa√≠s y lleva nuestra bandera üá¶üá∑ por los mares y los puertos del mundo, estrechando las relaciones con las naciones y sus pueblos. 
Su presencia reafirma la soberan√≠a sobre nuestros espacios mar√≠timos. ¬°Esto es un orgullo para todos los argentinos!",https://twitter.com/horaciorlarreta/status/1662549087999217664,Larreta,JxC
2023-05-27 14:04:05+00:00,701,483,21,C√≥rdoba es fundamental en los cambios que se vienen en la Argentina. Junto a @ljuez y @rodrigodeloredo vamos a trabajar incansablemente para que los cordobeses puedan vivir mejor. Gracias por tanto compromiso y responsabilidad para transformar la provincia y el pa√≠s. Este es el camino.,https://twitter.com/horaciorlarreta/status/1662504961064697859,Larreta,JxC
2023-05-26 18:59:30+00:00,715,510,32,"Hoy estuve recorriendo Mendoza junto a @alfredocornejo, @rodysuarez, @UlpianoSuarez y @soledad_acunia. Es impresionante la fuerza de los mendocinos para salir adelante a pesar de la situaci√≥n nacional. No tengo dudas de que todo este esfuerzo y trabajo se van a potenciar con un gobierno nacional de @juntoscambioar a partir del 10 de diciembre.",https://twitter.com/horaciorlarreta/status/1662216919993204738,Larreta,JxC
2023-05-26 15:00:45+00:00,629,441,24,"No tengo dudas que el buen gobierno de @IdiazAyuso y @AlmeidaPP_ va a ser ratificado en las elecciones regionales y municipales del pr√≥ximo domingo. Estuve con ellos en Madrid y all√≠ se respira libertad, transformaci√≥n y futuro. Como hemos hablado muchas veces, la ciudadan√≠a quiere gobiernos con capacidad de gesti√≥n y comprometidos con mejorar la calidad de vida.",https://twitter.com/horaciorlarreta/status/1662156835342647311,Larreta,JxC
2023-05-25 10:01:37+00:00,1011,665,91,"El 25 de mayo es de todos los argentinos. Es el comienzo de esta Argentina que amamos. Y es triste ver c√≥mo este gobierno intenta adue√±arse y reinterpretar una fecha que no le pertenece.

Mayo de 1810 nos sigue ense√±ando que para construir el futuro hay que tomarlo en nuestras manos y que, aunque nuestro d√≠a a d√≠a de angustia y miedo no es el que merecemos, tenemos esperanza porque somos nosotros quienes decidimos nuestro futuro. Hagamos el cambio de nuestras vidas.",https://twitter.com/horaciorlarreta/status/1661719167446183937,Larreta,JxC
2023-05-25 09:39:31+00:00,440,348,5,EN VIVO | El 25 de Mayo es de todos los argentinos. Feliz D√≠a de la Patria. https://t.co/hdrP4LsG0F,https://twitter.com/horaciorlarreta/status/1661713607283949568,Larreta,JxC
2023-05-24 13:31:43+00:00,849,541,1215,"Para vos, ¬øqu√© es la Patria?",https://twitter.com/horaciorlarreta/status/1661409652590903309,Larreta,JxC
2023-05-23 17:41:13+00:00,550,384,11,"El a√±o pasado implementamos el Programa de Fluidez y Comprensi√≥n Lectora que mejor√≥ la lectura y la interpretaci√≥n de textos en el 70% de los alumnos que participaron. Por eso, decidimos extender el programa y llevarlo a todos los chicos de tercer grado. Lo m√°s importante es la educaci√≥n.",https://twitter.com/horaciorlarreta/status/1661110053376499724,Larreta,JxC
2023-05-23 15:00:37+00:00,593,414,49,"La lucha contra los delincuentes la estamos dando juntos y la vamos a ganar. Con hechos concretos y con resultados. Mi compromiso es el mismo, ayer, hoy y siempre: que podamos vivir con tranquilidad y seguridad. https://t.co/7STx8jbQTD",https://twitter.com/horaciorlarreta/status/1661069639932100622,Larreta,JxC
2023-05-23 08:34:55+00:00,375,255,22,EN VIVO | La Educaci√≥n es prioridad: extendemos el programa de Fluidez y Comprensi√≥n Lectora. https://t.co/YQ7k7BBrVD,https://twitter.com/horaciorlarreta/status/1660972574828888064,Larreta,JxC
2023-05-22 20:10:50+00:00,2924,1175,912,"FAVALORO
Es una canallada, una mentira inventada por el Kirchnerismo decir que yo tuve responsabilidad en el suicidio de Favaloro. Hoy, con perd√≥n de la palabra, el Presidente de la Naci√≥n se fue al carajo. Por suerte, esa Argentina de la agresi√≥n y la violencia donde todo vale, ya se termina.",https://twitter.com/horaciorlarreta/status/1660785320047136774,Larreta,JxC
2023-05-22 17:43:11+00:00,686,427,262,"Los vecinos de Play√≥n de Chacarita ahora tienen una farmacia cerca de su casa, que le da trabajo a los vecinos del barrio. 

Con @mariamigliore y @sergio_fajardo, ex alcalde de Medell√≠n y gobernador de Antioquia, estuvimos en la primera sucursal de Farmacity instalada en un barrio popular de la Ciudad. 

Hoy empieza el Congreso de Integraci√≥n y Desarrollo de la Ciudad de Buenos Aires, donde vamos a compartir experiencias como esta del Play√≥n de Chacarita. Creemos en la integraci√≥n sociourbana para nivelar para arriba, y en el desarrollo a trav√©s del trabajo.",https://twitter.com/horaciorlarreta/status/1660748162787692546,Larreta,JxC
2023-05-22 09:01:53+00:00,748,482,38,Mientras algunos se perpet√∫an en el poder por d√©cadas hay un equipo de formose√±os que est√° trabajando para terminar con el estancamiento y transformar la provincia. Felicitaciones @FCarbajal2021 @gabrielaneme @EQuiqueRamirez y a todo JxC Formosa. Vamos juntos a pelearla cueste lo que cueste para cambiar la provincia y mejorar la vida de la gente. Tienen todo mi apoyo!,https://twitter.com/horaciorlarreta/status/1660616973590450179,Larreta,JxC
2023-05-27 18:49:34+00:00,4279,783,254,"Con @KicillofOk y @MalenaGalmarini revisando la agenda de acuerdos de Argentina con China por los proyectos que involucran a la Provincia de Buenos Aires. Laferrere, Agua Norte, AMBA II: son obras de cloacas, agua y electricidad que mejorar√°n los servicios a los habitantes del Conurbano Bonaerense.",https://twitter.com/SergioMassa/status/1662576805990084610,Massa,FdT
2023-05-27 16:33:44+00:00,390,154,2,"Tenemos que seguir trabajando unidos y con el coraz√≥n en la mano, para que a pesar de las diferencias, conectemos a la Argentina detr√°s del sue√±o de un pa√≠s federal y con inclusi√≥n, en el que todos y todas puedan trabajar y desarrollarse.

#CreoEnArgentina https://t.co/2lkL2crtzA",https://twitter.com/SergioMassa/status/1662542624849293314,Massa,FdT
2023-05-27 16:33:39+00:00,407,152,4,"#ElTrenNosUne, y por eso es fundamental que el programa ferroviario vuelva a ser una pol√≠tica de Estado para que, gobierne quien gobierne, no se vuelva a desfinanciar a estas venas que unen a los argentinos y argentinas y que transportan a la producci√≥n del pa√≠s. https://t.co/ulv7RWic4T",https://twitter.com/SergioMassa/status/1662542602485354497,Massa,FdT
2023-05-27 16:33:37+00:00,1221,353,53,"Inauguramos el servicio tur√≠stico que une Tom√°s Jofr√© con Mercedes, un hecho important√≠simo y del que fuimos parte junto al ministro del Interior @WadoDeCorrido, al de Transporte @DiegoGiuliano, al presidente de Trenes @TrenesArg @MartinMarinucci y al intendente @JuaniUstarroz. https://t.co/YjY7vbgqYk",https://twitter.com/SergioMassa/status/1662542594440679424,Massa,FdT
2023-05-26 15:48:27+00:00,1267,539,77,"Con los mismos sue√±os que hace 20 a√±os.

Felicitaciones querido Jorge Garc√≠a Cuerva por este nuevo desaf√≠o con grandes responsabilidades. https://t.co/itxINyaXtb",https://twitter.com/SergioMassa/status/1662168840459911180,Massa,FdT
2023-05-26 10:26:23+00:00,385,166,6,"La pesca es un rubro muy sacrificado, donde la gente pasa semanas o meses embarcada en el mar y lejos de sus familias. Por eso, esto no es m√°s que un justo reconocimiento a quienes ponen su trabajo y su tiempo al servicio del desarrollo de nuestro pa√≠s.

#CreoEnArgentina",https://twitter.com/SergioMassa/status/1662087788810862592,Massa,FdT
2023-05-26 10:26:22+00:00,400,182,8,"Este logro se da gracias al trabajo conjunto entre las c√°maras empresarias, los gremios y el Estado, donde a trav√©s del di√°logo y el esfuerzo, se alcanz√≥ una medida que ayuda a que los trabajadores y trabajadoras del sector tengan un mayor ingreso. https://t.co/VbNx22Z35D",https://twitter.com/SergioMassa/status/1662087785602334720,Massa,FdT
2023-05-26 10:26:15+00:00,827,362,49,Cerca de 20.000 trabajadoras y trabajadores embarcados de la pesca tendr√°n #AlivioFiscal al ser eximidos de pagar el impuesto a las Ganancias por los adicionales que realicen. https://t.co/u8wUAQHypz,https://twitter.com/SergioMassa/status/1662087755860516865,Massa,FdT
2023-05-25 15:09:42+00:00,385,142,5,"Mantuvimos una reuni√≥n para planificar de manera conjunta los avances en energ√≠a, transporte y econom√≠as regionales con el ministro @DiegoGiuliano, la secretaria @FlaviaRoyon, los secretarios @MatiasTombolini y @JorgeNeme_ y el asesor en RRII @GustavoPandiani.

#CreoEnArgentina https://t.co/SyWXb8b5Bw",https://twitter.com/SergioMassa/status/1661796699004698625,Massa,FdT
2023-05-25 13:08:29+00:00,800,247,75,"Una homil√≠a que invita a la dirigencia a pensar la Argentina.

UNIDAD DE LOS ARGENTINOS https://t.co/pmnL3a1F4f",https://twitter.com/SergioMassa/status/1661766195526205440,Massa,FdT
2023-05-25 12:48:21+00:00,530,199,27,"Sigamos defendiendo incansablemente la patria que so√±aron aquel 25 de mayo, esa patria libre, que abraza a cada argentino y argentina y que nos convoca todos los d√≠as, a trabajar por un futuro mejor y con m√°s oportunidades.

#FelizD√≠aDeLaPatria",https://twitter.com/SergioMassa/status/1661761126026059776,Massa,FdT
2023-05-24 21:43:20+00:00,296,120,8,"Por eso anunci√© en la inauguraci√≥n del Sal√≥n Moto 2023 la renovaci√≥n del r√©gimen de motopartismo, que permite aumentar la producci√≥n e integraci√≥n nacional de un sector que registr√≥ el √∫ltimo trimestre su mayor facturaci√≥n y patentamientos de los √∫ltimos 5 a√±os.

#CreoEnArgentina https://t.co/o9GVK9IBdh",https://twitter.com/SergioMassa/status/1661533372659769346,Massa,FdT
2023-05-24 21:43:20+00:00,642,230,23,"Trabajamos para seguir industrializando cada sector de la econom√≠a argentina, para que vendamos al mundo trabajo y valor agregado argentinos, que generan divisas y garantizan el desarrollo del pa√≠s. Nuestra obligaci√≥n como gobierno es dar certezas para que los sectores inviertan. https://t.co/XuQu1M82Lg",https://twitter.com/SergioMassa/status/1661533370860306432,Massa,FdT
2023-05-24 21:37:42+00:00,259,98,5,"Tenemos el objetivo de multiplicar por 10 nuestras exportaciones mineras hacia 2030 y de sumar trabajo nacional desde el desarrollo de la cadena de proveedores. Por eso, con @DMVasco y @AvilaFernandaOk anunciamos financiamiento clave para las empresas del sector.
#CreoEnArgentina",https://twitter.com/SergioMassa/status/1661531956046184450,Massa,FdT
2023-05-24 21:37:42+00:00,510,181,15,"La miner√≠a ser√° un gran jugador de nuestra econom√≠a en los pr√≥ximos a√±os. Las m√°s de 280 empresas nacionales e internacionales del sector que participan en @ArmineraExpo, son una muestra del potencial y de la realidad minera que hace y har√° un enorme aporte en divisas y trabajo. https://t.co/tDKvuFcP4l",https://twitter.com/SergioMassa/status/1661531954255220736,Massa,FdT
2023-05-24 09:45:20+00:00,602,289,37,"En menos de 7 meses, duplicamos la inversi√≥n del programa de cr√©dito a la producci√≥n m√°s grande de la historia, llegando a 1.000.000 de millones de pesos para impulsar el trabajo, la producci√≥n y las exportaciones de las PyMEs de todo el pa√≠s.",https://twitter.com/SergioMassa/status/1661352683993804800,Massa,FdT
2023-05-22 20:11:21+00:00,291,153,5,"Conocemos la importancia del consumo para el PBI del pa√≠s, por lo que incrementar la capacidad del mercado interno al mejorar el acceso al cr√©dito de la gente y de las PyMEs, nos permitir√° compensar gran parte del da√±o que a√∫n hoy nos genera la sequ√≠a.

#CreoEnArgentina https://t.co/DyMP0BYvoM",https://twitter.com/SergioMassa/status/1660785449177174016,Massa,FdT
2023-05-22 20:11:21+00:00,331,166,16,"Entre las principales medidas, est√° el aumento de los l√≠mites de compra en tarjetas de cr√©dito a trav√©s de incrementos del 30% en los m√°rgenes de compras en cuotas, del 25% en los m√°rgenes a un pago y de un 25% en los m√°rgenes de adelanto en cuenta corriente de PyMEs y  MiPyMEs.",https://twitter.com/SergioMassa/status/1660785447323271168,Massa,FdT
2023-05-22 20:11:20+00:00,756,295,74,"Presentamos un conjunto de medidas junto a representantes de entidades bancarias, para llevar alivio a las familias argentinas y garantizarles un mayor acceso al cr√©dito. De esa forma, se sostiene e impulsa el consumo interno y se aumenta la inversi√≥n en todo el pa√≠s. https://t.co/pFN7BRCcpB",https://twitter.com/SergioMassa/status/1660785445360287745,Massa,FdT
2023-05-22 18:21:35+00:00,332,166,3,"Si queremos ser un pa√≠s que genere empleo de calidad y que venda su trabajo al mundo, necesitamos PyMEs capacitadas. Por eso, con este cr√©dito buscamos promover la inversi√≥n que permita formarse, desarrollarse y aplicar nuevas tecnolog√≠as a sus producciones.

#CreoEnArgentina https://t.co/CJeADGutVN",https://twitter.com/SergioMassa/status/1660757824597630983,Massa,FdT
2023-05-22 18:21:34+00:00,301,134,1,"El programa consiste en cr√©ditos y aportes no reembolsables que podr√≠an generar en pocos a√±os millones de nuevos empleos o empleos reconvertidos y mejorar tambi√©n la productividad y la competitividad de las PyMEs, garantizando as√≠ su ingreso al mundo de las industrias 4.0.",https://twitter.com/SergioMassa/status/1660757822504591360,Massa,FdT
2023-05-22 18:21:34+00:00,564,270,38,"Junto al secretario @DMVasco y gracias al apoyo internacional de @el_BID y de @BCIE_Org, pusimos en marcha un programa de 130 millones de d√≥lares que busca promover la innovaci√≥n y transformaci√≥n digital de las PyMEs argentinas hacia una industria 4.0. https://t.co/2ebbJdbO2O",https://twitter.com/SergioMassa/status/1660757820441075714,Massa,FdT
2023-05-28 20:10:42+00:00,2,2,0,"Reforcemos la lucha para que se vayan los pol√≠ticos capitalistas que defienden la destrucci√≥n del ambiente, y gobiernen los trabajadores.",https://twitter.com/Solanopo/status/1662959614025949185,Solano,FIT
2023-05-28 20:10:42+00:00,2,0,0,El @fdeizquierda tiene que discutir un programa que tome y se apoye en las luchas reivindicativas en cada territorio. Pero como parte de una pelea m√°s general por desarrollar una alternativa pol√≠tica de los trabajadores.,https://twitter.com/Solanopo/status/1662959610871918592,Solano,FIT
2023-05-28 20:10:41+00:00,1,0,0,Para sumar a todo un sector de la clase obrera a la lucha ambiental. S√≥lo de esta manera podemos combatir la integraci√≥n al Estado de todo un sector del movimiento,https://twitter.com/Solanopo/status/1662959608003014659,Solano,FIT
2023-05-28 20:10:40+00:00,1,0,0,Por eso los discursos sobre un capitalismo verde son una cortina de humo. Esto abre un debate en el movimiento ambiental. Necesitamos elaborar una plataforma que unifique los reclamos ambientales junto a los del conjunto de los trabajadores.,https://twitter.com/Solanopo/status/1662959604823629824,Solano,FIT
2023-05-28 20:10:40+00:00,1,0,0,"Por eso fracasan los acuerdos internacionales entre Estados capitalistas para revertir el calentamiento global. Defienden los intereses de sus propios monopolios y empresas, no pueden ponerse de acuerdo en un cuadro de guerra comercial y b√©lica entre potencias mundiales.",https://twitter.com/Solanopo/status/1662959601740926979,Solano,FIT
2023-05-28 20:10:39+00:00,1,0,0,"La cuesti√≥n ambiental esta √≠ntimamente asociada a la etapa de declinaci√≥n del r√©gimen social de producci√≥n capitalista. La tendencia a la guerra, como ocurre en Ucrania entre la OTAN y Rusia, es un factor que est√° agravando la crisis social y ambiental en todo el mundo.",https://twitter.com/Solanopo/status/1662959598670577667,Solano,FIT
2023-05-28 20:10:38+00:00,1,0,0,"El objetivo de habilitar el saqueo de estos recursos es recaudar d√≥lares para el pago de la deuda al FMI. Vemos la visita de Massa a China, donde va a discutir una nueva entrega del litio y la tecnolog√≠a del 5G, que se disputan el control en Am√©rica Latina entre EEUU y China",https://twitter.com/Solanopo/status/1662959595617124352,Solano,FIT
2023-05-28 20:10:37+00:00,1,0,0,Se llevan las ganancias sin invertir un solo peso en la mejora de las condiciones de vida de la gente. Adem√°s dejan un pasivo ambiental enorme.,https://twitter.com/Solanopo/status/1662959592538529793,Solano,FIT
2023-05-28 20:10:37+00:00,1,0,0,"Sin embargo, vemos que el gobierno de Alberto Fern√°ndez, Cristina Fern√°ndez y Sergio Massa, junto a los gobernadores provinciales macristas y radicales, le entregan nuestros recursos naturales a empresas multinacionales contaminantes",https://twitter.com/Solanopo/status/1662959589556355073,Solano,FIT
2023-05-28 20:10:36+00:00,2,0,0,"El gobierno del Frente de Todos, igual que el macrismo, entrega los recursos naturales a multinacionales contaminantes. Nos dijeron que la salida a la crisis econ√≥mica y social del pa√≠s era el litio, la soja y el gas.",https://twitter.com/Solanopo/status/1662959586645606401,Solano,FIT
2023-05-28 20:10:35+00:00,3,0,0,"M√°s de 50 j√≥venes de distintas universidades (UNA, UBA, UNSAM, UNLP, UNTREF, UNGS) participaron para involucrarse en las luchas ambientales contra los incendios, la contaminaci√≥n, y la expulsi√≥n de isle√±os en Z√°rate y Campana.",https://twitter.com/Solanopo/status/1662959583621423105,Solano,FIT
2023-05-28 20:10:34+00:00,18,8,0,"Hoy particip√© de un conversatorio sobre marxismo y la problem√°tica del ambiente, invitado por la @ujspo  y Tribuna Ambiental como cierre de las pasant√≠as interdisciplinarias en los humedales del Delta del Paran√°. üßµ https://t.co/kNzQNzmIFY",https://twitter.com/Solanopo/status/1662959579926241281,Solano,FIT
2023-05-27 20:13:13+00:00,115,20,5,"Wado de Pedro dijo ""vamos a seguir construyendo este modelo productivo con inclusi√≥n"". Pregunto: ¬øhabla en serio o nos est√° cargando? ¬øInclusi√≥n cuando crece la pobreza, la indigencia y la precarizaci√≥n del trabajo?",https://twitter.com/Solanopo/status/1662597858317484035,Solano,FIT
2023-05-27 18:12:32+00:00,9,5,0,"@LorenaNPereira Estamos yendo a cada barrio, a cada lugar de trabajo y de estudio, invitando a participar del plenario abierto de la izquierda y los luchadores que vamos a realizar el 17 de junio en Plaza de Mayo, en conjunto con el MST y organizaciones sociales, sindicales, etc. Sumate https://t.co/p4Odp5lu2D",https://twitter.com/Solanopo/status/1662567485726400512,Solano,FIT
2023-05-27 18:11:08+00:00,18,8,2,"La izquierda ya dio un gran paso con el ingreso al Concejo Deliberante de @LorenaNPereira en 2021, ahora vamos por una gran campa√±a para que se vayan los pol√≠ticos capitalistas, por una izquierda¬†que¬†se¬†plante. https://t.co/SpFpW7t1ar",https://twitter.com/Solanopo/status/1662567135778832394,Solano,FIT
2023-05-27 18:10:01+00:00,15,8,0,"En la asamblea surgi√≥ claramente la denuncia de un distrito totalmente destruido luego de muchos a√±os de gobierno del PJ.
Barrios que se inundan, abusos policiales, copamiento narco y una enorme pobreza son el resultado de los que nos vienen gobernando las √∫ltimas d√©cadas. https://t.co/onG0yY65rc",https://twitter.com/Solanopo/status/1662566852378107910,Solano,FIT
2023-05-27 18:09:34+00:00,9,5,0,"Luego de una agitaci√≥n en el centro de Moreno y en Plaza San Mart√≠n, me invitaron a una asamblea con representantes de 40 barrios distintos, docentes, municipales y trabajadores. https://t.co/VkWzezoYbf",https://twitter.com/Solanopo/status/1662566738163105794,Solano,FIT
2023-05-27 18:07:24+00:00,54,20,1,"Hoy fue una gran jornada en Moreno, donde pudimos debatir con trabajadoras y trabajadores de la zona. La realidad es que hoy el pueblo se caga de hambre, porque gobiernan ""los kukas"" y el FMI. https://t.co/8ekTmKTpB1",https://twitter.com/Solanopo/status/1662566193285275649,Solano,FIT
2023-05-27 18:02:40+00:00,165,38,11,"Wado, Sergio Massa y Axel Kicillof son el gobierno. Son los responsables de este fracaso. Todo lo dem√°s es verso.",https://twitter.com/Solanopo/status/1662565005743587329,Solano,FIT
2023-05-26 20:14:09+00:00,17,7,1,Gabriel Solano: ‚ÄúCristina exhibi√≥ su debilidad en la Plaza de Mayo‚Äù https://t.co/wPTS8VCNip,https://twitter.com/Solanopo/status/1662235706582872064,Solano,FIT
2023-05-26 19:30:13+00:00,49,13,7,"Todo el d√≠a sin luz @OficialEdesur . Che Massa, no la hab√≠an intervenido?",https://twitter.com/Solanopo/status/1662224646878679040,Solano,FIT
2023-05-26 15:39:07+00:00,118,37,6,"Con el gobierno ""kuka"", como dir√≠a CFK, la jubilaci√≥n m√≠nima es de $ 70.900 cuando la canasta de pobreza supera los $200.000.",https://twitter.com/Solanopo/status/1662166489401524246,Solano,FIT
2023-05-25 20:43:41+00:00,39,21,4,En estos momentos el gobierno salte√±o de Gustavo Sa√©nz reprime a los docentes y mantiene detenidos a 15 de ellos. Exigimos su inmediata libertad. https://t.co/NaMCKh9oYK,https://twitter.com/Solanopo/status/1661880748465348610,Solano,FIT
2023-05-25 19:44:04+00:00,105,68,6,"Urgente: as√≠ reprime a los docentes que reclaman por salario el gobernador Guatavo S√°enz, aliado pol√≠tico de Sergio Massa. https://t.co/xMGBdTNm8J",https://twitter.com/Solanopo/status/1661865744517197831,Solano,FIT
2023-05-25 18:56:04+00:00,161,62,4,Vale la pena escuchar este pasaje de CFK defendiendo a Menem y su reelecci√≥n.,https://twitter.com/Solanopo/status/1661853668134535169,Solano,FIT
2023-05-25 17:03:10+00:00,325,63,41,Digamos todo. https://t.co/19n4JhzrbH,https://twitter.com/Solanopo/status/1661825254887505922,Solano,FIT
2023-05-25 16:15:50+00:00,65,22,7,"La soluci√≥n pol√≠tica es romper con el FMI, no pedirle que nos dejen crecer para pagarle a los usureros internacionales.",https://twitter.com/Solanopo/status/1661813342460149775,Solano,FIT
2023-05-25 15:46:37+00:00,321,93,15,CFK dice que los jubilados en los 90 cobraban 200 pesos/d√≥lares. Pero omite que ahora bajo su gobierno cobran lo mismo. Actualmente es de $70.900. Al d√≥lar blue es 147 d√≥lares.,https://twitter.com/Solanopo/status/1661805989174157313,Solano,FIT
2023-05-25 15:42:59+00:00,193,74,8,Alguien que le recuerde a CFK que las privatizaciones las hizo el gobierno peronista de Menem con el apoyo de ella y N√©stor Kirchner. El avi√≥n de la provincia de Santa Cruz hizo de taxi a√©reo para reunir loa votos de la privatizaci√≥n del gas.,https://twitter.com/Solanopo/status/1661805074262229012,Solano,FIT
2023-05-25 13:13:02+00:00,118,27,5,"Muchos militantes kirchneristas dicen ""vamos a hacer lo que diga CFK"". ¬øPero c√≥mo dar un apoyo por igual a candidatos que puede tener programas distintos? Un militante tiene que ser cr√≠tico y tener voz propia. Renunciar a pensar con tu propia cabeza es lo que jam√°s deb√©s hacer.",https://twitter.com/Solanopo/status/1661767337417007105,Solano,FIT
2023-05-25 11:35:36+00:00,13,4,0,"Escuchamos mucho: nos contaron los problemas de los colegios, los institutos y las Universidades. Siempre se aprende en actividades con los pibes y las pibas. Vamos a una gran campa√±a con la izquierda que se planta https://t.co/2koTCeZlRe",https://twitter.com/Solanopo/status/1661742820888285190,Solano,FIT
2023-05-25 11:35:33+00:00,38,10,5,"Anoche nos reunimos junto a decenas de estudiantes secundarios, terciarios, universitarios y laburantes del barrio para discutir como nos organizamos para enfrentar el ajuste de los gobiernos de la Ciudad y Naci√≥n y construir 1 alternativa propia de los trabajadores y la juventud https://t.co/85iUZBxyzy",https://twitter.com/Solanopo/status/1661742806149505027,Solano,FIT
2023-05-25 10:05:50+00:00,351,65,136,Insisto: el fusilamiento de un ladr√≥n por la espalda ejecutado por un polic√≠a no reducir√° en nada la inseguridad. La demagogia de @PatoBullrich es moralmente deleznable y adem√°s in√∫til. Hay que apuntar a las mafias del poder y frenar la descomposici√≥n social.,https://twitter.com/Solanopo/status/1661720227028115458,Solano,FIT
2023-05-24 12:41:53+00:00,18,5,1,"Es por eso que invitamos a todas las fuerzas de izquierda, a los luchadores populares y activistas a realizar un gran plenario y discutir una campa√±a en todo el pa√≠s y tambi√©n la lista con la que daremos estas peleas https://t.co/OR6rdGJgnS",https://twitter.com/Solanopo/status/1661397112804786178,Solano,FIT
2023-05-24 12:41:50+00:00,13,4,0,Sino para transformarse en una verdadera alternativa pol√≠tica de los trabajadores que enfrente el ajuste de los que gobernaron estas √∫ltimas d√©cadas y nos llevaron a la crisis actual. Es una pelea estrat√©gica para que la bronca no la canalicen los fachos como Milei https://t.co/kWuqclOuSF,https://twitter.com/Solanopo/status/1661397099383062529,Solano,FIT
2023-05-24 12:41:43+00:00,6,3,0,"Este acuerdo es muy importante porque defiende los m√©todos hist√≥ricos del movimiento obrero, con deliberaci√≥n colectiva y participaci√≥n del activismo. Creemos que la izquierda no tiene que ir a la campa√±a electoral con la simple expectativa de conseguir 1 √≥ 2 diputados m√°s https://t.co/jXT50msFXK",https://twitter.com/Solanopo/status/1661397071880962050,Solano,FIT
2023-05-24 12:41:40+00:00,62,28,2,Hoy realizamos una conferencia de prensa del @PartidoObrero y el @MSTargentina en el que lanzamos la convocatoria a un gran Plenario de la izquierda y los luchadores. Llevaremos a esta instancia la f√≥rmula Solano - Ripoll para ir en unidad en el @FdeIzquierda https://t.co/c78LcOio6e,https://twitter.com/Solanopo/status/1661397059037982720,Solano,FIT
2023-05-24 10:44:06+00:00,2,3,0,"Mir√° en vivo la conferencia ac√°
https://t.co/w1AxNO4Czk",https://twitter.com/Solanopo/status/1661367469817098241,Solano,FIT
2023-05-24 10:43:59+00:00,59,25,9,Conferencia del @FdeIzquierda por el @PartidoObrero y el @MSTargentina presentando la f√≥rmula Solano - Ripoll y convocando a un gran plenario de la izquierda y los trabajadores https://t.co/cb88OF8VFz,https://twitter.com/Solanopo/status/1661367441971191808,Solano,FIT
2023-05-24 08:49:50+00:00,1011,168,447,"Es grav√≠simo tu apoyo a este asesinato, equivale a legalizar la pena de muerte.",https://twitter.com/Solanopo/status/1661338715548012549,Solano,FIT
2023-05-23 21:58:16+00:00,27,7,0,"Esta crisis se vive como un final de √©poca. No es s√≥lo la crisis de un gobierno, es la de un sistema

üéôÔ∏èConversando y debatiendo con @rominamanguel https://t.co/UtcPqXT0j6",https://twitter.com/Solanopo/status/1661174742219464705,Solano,FIT
2023-05-23 20:32:13+00:00,26,6,4,Veo a muchos hinchas de Boca entusiasmados porque Macri se sac√≥ una foto con Guardiola. Pero les recuerdo que cuando gobern√≥ Argentina se sac√≥ fotos con todos los presidentes del mundo y nos fue como el tujes.,https://twitter.com/Solanopo/status/1661153087476879361,Solano,FIT
2023-05-23 16:56:34+00:00,41,26,1,La crisis se agrava y los responsables preparan nuevos golpes contra el pueblo. Vamos con la izquierda que se planta ‚úäüèº https://t.co/9lJCKbV2Vw,https://twitter.com/Solanopo/status/1661098816789946370,Solano,FIT
2023-05-23 13:25:42+00:00,1,0,0,"@rindart Bravo, un gallina m√°s al mundo",https://twitter.com/Solanopo/status/1661045750468419585,Solano,FIT
2023-05-23 12:11:35+00:00,35,11,0,"Ma√±ana 9.30hs vamos a realizar uns conferencia de prensa en el Teatro Picadero para presentar la propuesta de candidaturas del @FdeIzquierda y llevarlas al plenario de la izquierda y el activismo

https://t.co/FVFAiTBpLY",https://twitter.com/Solanopo/status/1661027098570502144,Solano,FIT
2023-05-22 19:57:35+00:00,43,10,1,"@morenoparalavic fijate que en La Matanza hace m√°s de 40 a√±os que no les llega el amor del que tanto habl√°s

En @_IPNoticias https://t.co/28m2fYY4rr",https://twitter.com/Solanopo/status/1660781984187121664,Solano,FIT
2023-05-22 13:54:44+00:00,57,13,1,Felicitaciones @sebacopello la izquierda gana en Jujuy un nuevo concejal constituyentes al servicio de las luchas populares y contra el ajuste del gobierno provincial y nacional,https://twitter.com/Solanopo/status/1660690670896439297,Solano,FIT
